TRADEDATE,OPEN,HIGH,LOW,CLOSE,VOLUME
2015-07-01,3.627,3.74,3.624,3.68,22000500
2015-07-02,3.8,3.8,3.624,3.6455,27706400
2015-07-03,3.725,3.725,3.6315,3.637,38211300
2015-07-06,3.6405,3.67,3.64,3.67,8407400
2015-07-07,3.8,3.8,3.631,3.631,30483800
2015-07-08,3.6205,3.66,3.6205,3.649,40402100
2015-07-09,3.625,3.65,3.625,3.65,34680400
2015-07-10,3.8,3.8,3.632,3.65,26880300
2015-07-13,3.698,3.698,3.642,3.6545,35973700
2015-07-14,3.645,3.6585,3.6415,3.6525,53277400
2015-07-15,3.626,3.656,3.62,3.656,39678800
2015-07-16,3.6395,3.683,3.639,3.676,29569700
2015-07-17,3.671,3.6745,3.669,3.669,1965400
2015-07-20,3.6625,3.664,3.656,3.6625,21393200
2015-07-21,3.671,3.677,3.66,3.677,24115300
2015-07-22,3.673,3.6745,3.67,3.67,20346500
2015-07-23,3.673,3.677,3.673,3.677,18397000
2015-07-24,3.6685,3.6765,3.6685,3.67,7360700
2015-07-27,3.621,3.687,3.621,3.6745,4616200
2015-07-28,3.6655,3.6655,3.6605,3.6605,18695500
2015-07-29,3.6635,3.6645,3.655,3.655,9490200
2015-07-30,3.6655,3.672,3.655,3.672,8562700
2015-07-31,3.675,3.675,3.67,3.6745,16101500
2015-08-03,3.67,3.67,3.6565,3.6595,574500
2015-08-04,3.647,3.6695,3.639,3.639,178300
2015-08-05,3.635,3.6555,3.635,3.635,138000
2015-08-06,3.635,3.6355,3.63,3.63,43800
2015-08-07,3.6645,3.69,3.655,3.655,3886600
2015-08-10,3.655,3.67,3.655,3.655,20200
2015-08-11,3.656,3.6915,3.656,3.66,16117700
2015-08-12,3.6795,3.6875,3.665,3.68,13190600
2015-08-13,3.6895,3.6905,3.6895,3.6905,5002100
2015-08-14,3.68,3.6905,3.675,3.675,6384100
2015-08-17,3.689,3.691,3.689,3.691,6001100
2015-08-18,3.689,3.691,3.665,3.665,8098200
2015-08-19,3.66,3.66,3.66,3.66,200
2015-08-20,3.665,3.665,3.665,3.665,54500
2015-08-21,3.6555,3.6555,3.65,3.65,190000
2015-08-24,3.65,3.6545,3.62,3.6205,1015200
2015-08-25,3.6385,3.6385,3.62,3.62,577300
2015-08-26,3.6255,3.65,3.625,3.625,11300
2015-08-27,3.6265,3.645,3.6265,3.645,9000700
2015-08-28,3.661,3.661,3.625,3.65,9001800
2015-08-31,3.644,3.6465,3.6435,3.6455,6700300
2015-09-01,3.645,3.6455,3.63,3.63,194100
2015-09-02,3.6395,3.64,3.6395,3.64,29100
2015-09-03,3.65,3.65,3.65,3.65,140000
2015-09-04,3.65,3.652,3.635,3.652,2262400
2015-09-07,3.636,3.636,3.635,3.635,27600
2015-09-08,3.6595,3.66,3.6355,3.6355,700
2015-09-09,3.6575,3.66,3.64,3.66,9009100
2015-09-10,3.636,3.636,3.635,3.635,27700
2015-09-11,3.635,3.66,3.635,3.635,200400
2015-09-14,3.617,3.65,3.617,3.65,141200
2015-09-15,3.65,3.68,3.65,3.68,4088200
2015-09-16,3.66,3.66,3.66,3.66,13900
2015-09-17,3.635,3.635,3.635,3.635,27600
2015-09-18,3.67,3.67,3.67,3.67,100
2015-09-21,3.6605,3.6605,3.66,3.66,10200
2015-09-22,3.65,3.65,3.645,3.6455,13900
2015-09-23,3.6595,3.66,3.6595,3.66,27600
2015-09-24,3.69,3.69,3.66,3.66,28700
2015-09-25,3.665,3.6655,3.665,3.6655,30100
2015-09-28,3.7065,3.707,3.68,3.68,23200
2015-09-29,3.69,3.69,3.69,3.69,200
2015-09-30,3.7,3.704,3.7,3.704,600
2015-10-01,3.7,3.7,3.7,3.7,400
2015-10-02,3.7315,3.732,3.71,3.732,80600
2015-10-05,3.737,3.737,3.71,3.7295,84200
2015-10-06,3.735,3.74,3.735,3.7355,66200
2015-10-07,3.716,3.716,3.715,3.715,103300
2015-10-08,3.715,3.744,3.715,3.73,78100
2015-10-09,3.7305,3.748,3.73,3.748,23600
2015-10-12,3.7325,3.764,3.732,3.732,85700
2015-10-13,3.7475,3.748,3.745,3.748,106100
2015-10-14,3.7325,3.74,3.732,3.74,270700
2015-10-15,3.7305,3.756,3.73,3.756,71000
2015-10-16,3.759,3.759,3.74,3.75,877400
2015-10-19,3.73,3.755,3.72,3.755,610700
2015-10-20,3.775,3.796,3.775,3.796,781100
2015-10-21,3.78,3.79,3.78,3.79,791700
2015-10-22,3.794,3.796,3.78,3.796,573200
2015-10-23,3.784,3.796,3.784,3.796,985900
2015-10-26,3.795,3.795,3.79,3.795,764900
2015-10-27,3.79,3.79,3.75,3.76,3118900
2015-10-28,3.766,3.77,3.766,3.77,632500
2015-10-29,3.755,3.76,3.724,3.73,9511300
2015-10-30,3.755,3.756,3.755,3.756,267700
2015-11-02,3.75,3.77,3.75,3.77,345100
2015-11-03,3.77,3.77,3.77,3.77,815600
2015-11-05,3.775,3.775,3.745,3.77,716100
2015-11-06,3.765,3.765,3.765,3.765,539400
2015-11-09,3.75,3.75,3.75,3.75,700000
2015-11-10,3.73,3.745,3.73,3.745,700300
2015-11-11,3.73,3.74,3.73,3.74,500500
2015-11-12,3.755,3.755,3.755,3.755,492800
2015-11-13,3.76,4.895,3.76,3.78,6419800
2015-11-16,3.78,3.8,3.775,3.775,428000
2015-11-17,3.78,3.81,3.775,3.81,232200
2015-11-18,3.805,3.805,3.775,3.795,433200
2015-11-19,3.775,3.81,3.75,3.78,6523100
2015-11-20,3.8,3.8,3.77,3.795,368300
2015-11-23,3.77,3.775,3.765,3.775,506100
2015-11-24,3.775,3.785,3.765,3.78,865400
2015-11-25,3.77,3.795,3.77,3.795,1480000
2015-11-26,3.795,3.95,3.775,3.85,3553100
2015-11-27,3.89,3.95,3.85,3.91,5360800
2015-11-30,3.885,3.98,3.83,3.83,6675800
2015-12-01,3.875,3.875,3.82,3.85,1291800
2015-12-02,3.84,3.845,3.815,3.84,670300
2015-12-03,3.82,3.84,3.805,3.805,2089500
2015-12-04,3.815,3.83,3.815,3.815,631700
2015-12-07,3.815,3.84,3.815,3.84,732400
2015-12-08,3.78,3.84,3.75,3.84,1007200
2015-12-09,3.835,3.86,3.835,3.835,950400
2015-12-10,3.82,3.84,3.815,3.825,525000
2015-12-11,3.835,3.84,3.82,3.825,3235100
2015-12-14,3.84,3.84,3.81,3.825,2757600
2015-12-15,3.825,3.84,3.81,3.84,4398600
2015-12-16,3.835,3.85,3.82,3.85,4972200
2015-12-17,3.815,3.815,3.67,3.68,323200
2015-12-18,3.68,3.685,3.665,3.685,22500
2015-12-21,3.695,3.695,3.67,3.67,102900
2015-12-22,3.68,3.695,3.675,3.675,302100
2015-12-23,3.69,3.69,3.67,3.67,128600
2015-12-24,3.68,3.69,3.67,3.685,3459600
2015-12-25,3.68,3.75,3.68,3.75,1646300
2015-12-28,3.69,3.765,3.675,3.73,1676700
2015-12-29,3.68,3.77,3.68,3.77,4467400
2015-12-30,3.77,3.8,3.77,3.8,1591700
2016-01-04,3.78,3.95,3.78,3.93,5916200
2016-01-05,3.865,3.895,3.865,3.865,115100
2016-01-06,3.885,3.885,3.87,3.885,1484000
2016-01-11,3.785,3.9,3.785,3.875,1878700
2016-01-12,3.85,3.86,3.82,3.82,1008200
2016-01-13,3.82,3.82,3.75,3.77,6452900
2016-01-14,3.765,3.77,3.75,3.75,890400
2016-01-15,3.77,3.77,3.74,3.74,1282500
2016-01-18,3.73,3.75,3.725,3.74,574600
2016-01-19,3.755,3.765,3.73,3.73,446300
2016-01-20,3.725,3.755,3.725,3.735,405700
2016-01-21,3.745,3.76,3.74,3.74,512700
2016-01-22,3.75,3.765,3.74,3.74,250500
2016-01-25,3.75,3.76,3.75,3.75,603200
2016-01-26,3.765,3.765,3.74,3.745,533100
2016-01-27,3.74,3.75,3.72,3.74,13278000
2016-01-28,3.745,3.755,3.745,3.745,706500
2016-01-29,3.745,3.76,3.745,3.76,431100
2016-02-01,3.755,3.775,3.755,3.77,420600
2016-02-02,3.77,3.77,3.76,3.765,411400
2016-02-03,3.76,3.775,3.76,3.77,467400
2016-02-04,3.76,3.78,3.755,3.765,338100
2016-02-05,3.76,3.77,3.755,3.76,418100
2016-02-08,3.77,3.775,3.75,3.755,337400
2016-02-09,3.765,3.765,3.74,3.74,493900
2016-02-10,3.755,3.755,3.735,3.74,354700
2016-02-11,3.76,3.765,3.735,3.765,2672300
2016-02-12,3.735,3.775,3.73,3.775,3552300
2016-02-15,3.755,3.78,3.745,3.78,4023200
2016-02-16,3.755,3.775,3.73,3.775,3079400
2016-02-17,3.78,3.78,3.76,3.78,3824700
2016-02-18,3.795,3.8,3.75,3.8,4923000
2016-02-19,3.8,3.805,3.765,3.805,2660000
2016-02-20,3.795,3.8,3.765,3.765,4500
2016-02-22,3.8,3.805,3.8,3.805,200
2016-02-24,3.8,3.8,3.745,3.75,1316900
2016-02-25,3.75,3.78,3.725,3.78,2224800
2016-02-26,3.785,3.79,3.74,3.785,2274700
2016-02-29,3.8,3.8,3.5,3.62,26995000
2016-03-01,3.66,3.745,3.64,3.745,12535400
2016-03-02,3.75,3.78,3.715,3.78,547700
2016-03-03,3.78,3.795,3.775,3.785,1323000
2016-03-04,3.78,3.825,3.775,3.805,1613400
2016-03-07,3.815,3.815,3.78,3.8,15700
2016-03-09,3.805,3.84,3.805,3.84,1416400
2016-03-10,3.845,3.85,3.825,3.825,1584800
2016-03-11,3.855,3.855,3.8,3.85,1150900
2016-03-14,3.81,3.86,3.8,3.86,1264500
2016-03-15,3.86,3.87,3.855,3.87,1867900
2016-03-16,3.84,3.865,3.84,3.85,964900
2016-03-17,3.87,3.875,3.845,3.87,1764600
2016-03-18,3.875,3.875,3.86,3.865,1700600
2016-03-21,3.86,3.87,3.835,3.87,1418600
2016-03-22,3.87,3.87,3.795,3.795,3322800
2016-03-23,3.82,3.85,3.795,3.825,5094700
2016-03-24,3.825,3.855,3.8,3.81,5496100
2016-03-25,3.845,3.85,3.78,3.82,7463400
2016-03-28,3.86,3.86,3.78,3.805,12392400
2016-03-29,3.825,3.855,3.785,3.855,9189800
2016-03-30,3.855,3.87,3.815,3.87,13249000
2016-03-31,3.795,3.88,3.705,3.88,3369100
2016-04-01,3.88,3.89,3.86,3.865,3634400
2016-04-04,3.88,3.88,3.835,3.865,1867900
2016-04-05,3.865,3.865,3.77,3.82,8590900
2016-04-06,3.835,3.865,3.81,3.84,4098100
2016-04-07,3.845,3.905,3.845,3.905,5991900
2016-04-08,3.88,3.905,3.875,3.875,1554300
2016-04-11,3.895,3.905,3.87,3.87,1498800
2016-04-12,3.875,3.92,3.87,3.87,570700
2016-04-13,3.87,3.89,3.855,3.87,1239700
2016-04-14,3.88,3.88,3.86,3.875,2054100
2016-04-15,3.885,3.925,3.885,3.925,933700
2016-04-18,3.925,3.95,3.855,3.9,789200
2016-04-19,3.9,3.945,3.9,3.915,47162200
2016-04-20,3.925,3.935,3.885,3.905,975900
2016-04-21,3.905,3.935,3.875,3.91,995500
2016-04-22,3.91,3.92,3.885,3.91,1117900
2016-04-25,3.925,3.935,3.9,3.92,1131800
2016-04-26,3.89,3.94,3.88,3.915,2467000
2016-04-27,3.91,3.93,3.9,3.93,1002300
2016-04-28,3.925,3.945,3.895,3.905,2559600
2016-04-29,3.915,3.935,3.9,3.92,926400
2016-05-04,3.915,3.945,3.905,3.925,975800
2016-05-05,3.935,3.935,3.905,3.915,477300
2016-05-06,3.925,3.945,3.91,3.93,1077000
2016-05-10,3.945,3.955,3.905,3.915,1171600
2016-05-11,3.9,3.935,3.9,3.93,936600
2016-05-12,3.925,3.965,3.915,3.965,1087200
2016-05-13,3.98,3.98,3.935,3.98,1050000
2016-05-16,4.1,4.1,3.955,3.995,1969600
2016-05-17,4.0,4.035,3.98,3.98,965500
2016-05-18,3.99,3.99,3.96,3.965,791200
2016-05-19,3.98,3.98,3.95,3.97,1135900
2016-05-20,3.99,4.03,3.975,3.995,3689900
2016-05-23,3.995,4.015,3.97,3.985,2441500
2016-05-24,3.995,3.995,3.945,3.99,2680200
2016-05-25,3.995,4.01,3.99,4.0,802600
2016-05-26,4.0,4.035,3.99,4.0,1626700
2016-05-27,4.005,4.055,3.825,3.94,2436900
2016-05-30,3.955,3.955,3.89,3.905,1771300
2016-05-31,3.9,3.955,3.855,3.91,2824800
2016-06-01,3.885,3.905,3.835,3.905,2078200
2016-06-02,3.955,3.995,3.945,3.945,2132200
2016-06-03,3.99,3.99,3.94,3.975,1305400
2016-06-06,3.995,4.0,3.965,3.995,1501400
2016-06-07,3.99,4.045,3.985,4.045,1266500
2016-06-08,4.04,4.065,4.025,4.035,1323600
2016-06-09,4.045,4.045,3.995,4.01,16801900
2016-06-10,4.01,4.01,3.96,3.98,1466000
2016-06-14,3.99,4.01,3.945,3.955,855300
2016-06-15,3.945,3.975,3.94,3.955,871200
2016-06-16,3.98,3.99,3.935,3.945,866300
2016-06-17,3.975,3.98,3.94,3.95,143586200
2016-06-20,3.97,4.0,3.96,3.97,1328900
2016-06-21,4.015,4.4,3.95,3.955,613100
2016-06-22,3.965,3.975,3.95,3.955,906100
2016-06-23,3.96,3.975,3.945,3.965,92441400
2016-06-24,3.935,3.955,3.9,3.92,618200
2016-06-27,3.915,3.96,3.915,3.95,673200
2016-06-28,3.96,3.96,3.935,3.955,513300
2016-06-29,3.94,3.99,3.94,3.985,632900
2016-06-30,4.005,4.005,3.975,3.98,28159300
2016-07-01,3.99,4.005,3.99,3.995,12610400
2016-07-04,3.995,4.005,3.99,4.005,632300
2016-07-05,4.005,4.005,3.975,3.975,485300
2016-07-06,3.99,3.995,3.96,3.96,641400
2016-07-07,3.975,3.985,3.96,3.985,616200
2016-07-08,3.985,4.01,3.985,4.01,580800
2016-07-11,4.01,4.045,3.995,3.995,3087100
2016-07-12,3.995,4.035,3.995,4.035,750600
2016-07-13,4.035,4.045,4.0,4.015,1840100
2016-07-14,4.045,4.05,3.97,3.98,2130500
2016-07-15,4.0,4.0,3.95,3.97,112727100
2016-07-18,3.985,3.985,3.94,3.955,1716900
2016-07-19,3.98,3.98,3.915,3.92,1337300
2016-07-20,3.97,3.97,3.9,3.92,2022200
2016-07-21,3.94,3.96,3.895,3.95,3808500
2016-07-22,3.965,3.99,3.95,3.97,2954300
2016-07-25,3.99,4.0,3.97,3.985,1680400
2016-07-26,4.0,4.0,3.97,3.975,1967700
2016-07-27,3.99,3.99,3.96,3.975,1337600
2016-07-28,3.97,4.01,3.965,4.01,1869600
2016-07-29,4.01,4.025,3.98,3.98,1459500
2016-08-01,3.995,4.025,3.975,3.985,1447800
2016-08-02,4.005,4.005,3.93,3.94,1167000
2016-08-03,3.96,3.96,3.92,3.93,922900
2016-08-04,3.96,3.97,3.925,3.94,443500
2016-08-05,3.945,3.965,3.925,3.935,400600
2016-08-08,3.94,3.955,3.93,3.95,568500
2016-08-09,3.955,3.96,3.93,3.95,1294200
2016-08-10,3.95,3.95,3.915,3.915,953800
2016-08-11,3.935,3.935,3.885,3.925,1008500
2016-08-12,3.895,3.925,3.875,3.925,2137600
2016-08-15,3.92,3.93,3.895,3.92,8646900
2016-08-16,3.915,3.92,3.86,3.91,11402300
2016-08-17,3.915,3.94,3.89,3.905,4866600
2016-08-18,3.935,3.975,3.9,3.965,4888300
2016-08-19,3.95,4.1,3.95,4.04,6717000
2016-08-22,4.045,4.16,4.035,4.15,2354900
2016-08-23,4.16,4.17,4.125,4.155,1165900
2016-08-24,4.155,4.165,4.125,4.125,863600
2016-08-25,4.16,4.16,4.105,4.145,768200
2016-08-26,4.155,4.185,4.13,4.16,873300
2016-08-29,4.165,4.17,4.12,4.145,1047600
2016-08-30,4.145,4.2,4.14,4.155,1066000
2016-08-31,4.16,4.2,4.125,4.13,866900
2016-09-01,4.13,4.16,4.11,4.16,1659700
2016-09-02,4.165,4.205,4.15,4.205,2807800
2016-09-05,4.21,4.25,4.205,4.25,1234000
2016-09-06,4.245,4.275,4.245,4.26,838200
2016-09-07,4.26,4.3,4.26,4.26,1539200
2016-09-08,4.28,4.32,4.275,4.285,1468800
2016-09-09,4.29,4.34,4.255,4.26,795900
2016-09-12,4.26,4.26,4.2,4.235,1005500
2016-09-13,4.24,4.245,4.195,4.195,4266500
2016-09-14,4.205,4.23,4.18,4.195,2632400
2016-09-15,4.185,4.21,4.165,4.175,1226800
2016-09-16,4.18,4.215,4.16,4.185,1483700
2016-09-19,4.19,4.22,4.19,4.195,1432500
2016-09-20,4.19,4.215,4.175,4.205,884600
2016-09-21,4.2,4.225,4.185,4.195,909700
2016-09-22,4.21,4.27,4.2,4.27,1874600
2016-09-23,4.275,4.28,4.225,4.24,2045800
2016-09-26,4.225,4.26,4.21,4.215,1541500
2016-09-27,4.225,4.25,4.21,4.22,1822600
2016-09-28,4.225,4.25,4.215,4.24,969800
2016-09-29,4.245,4.295,4.24,4.295,1561900
2016-09-30,4.29,4.29,4.24,4.25,1950500
2016-10-03,4.25,4.31,4.24,4.3,1710200
2016-10-04,4.315,4.315,4.25,4.295,1097200
2016-10-05,4.27,4.275,4.24,4.25,1370400
2016-10-06,4.245,4.275,4.215,4.25,1636800
2016-10-07,4.265,4.275,4.24,4.26,434300
2016-10-10,4.255,4.285,4.24,4.28,2063800
2016-10-11,4.275,4.32,4.265,4.305,1812400
2016-10-12,4.295,4.31,4.26,4.29,1670700
2016-10-13,4.285,4.29,4.24,4.24,3443800
2016-10-14,4.245,4.285,4.23,4.24,1262000
2016-10-17,4.25,4.25,4.205,4.21,5274200
2016-10-18,4.215,4.23,4.185,4.21,2562100
2016-10-19,4.205,4.215,4.165,4.17,3473600
2016-10-20,4.205,4.205,4.14,4.15,3433300
2016-10-21,4.155,4.16,4.135,4.155,766600
2016-10-24,4.155,4.17,4.14,4.16,2863500
2016-10-25,4.165,4.195,4.15,4.185,2431700
2016-10-26,4.18,4.195,4.175,4.19,1204800
2016-10-27,4.195,4.225,4.165,4.215,2387700
2016-10-28,4.22,4.27,4.19,4.25,1684100
2016-10-31,4.245,4.28,4.225,4.275,2369800
2016-11-01,4.278,4.304,4.253,4.292,2331300
2016-11-02,4.3,4.308,4.24,4.24,3513700
2016-11-03,4.227,4.279,4.227,4.245,2952600
2016-11-07,4.265,4.269,4.215,4.25,2038200
2016-11-08,4.253,4.31,4.231,4.31,4201300
2016-11-09,4.338,4.373,4.29,4.365,4906000
2016-11-10,4.369,4.465,4.322,4.459,3518300
2016-11-11,4.454,4.465,4.419,4.453,4444400
2016-11-14,4.42,4.436,4.37,4.375,10687200
2016-11-15,4.383,4.39,4.335,4.35,4663100
2016-11-16,4.342,4.367,4.325,4.33,8089800
2016-11-17,4.338,4.355,4.255,4.281,13003100
2016-11-18,4.325,4.326,4.212,4.25,6634400
2016-11-21,4.257,4.257,4.193,4.22,1508100
2016-11-22,4.228,4.257,4.219,4.257,1050500
2016-11-23,4.276,4.28,4.24,4.265,2392800
2016-11-24,4.251,4.315,4.25,4.31,1412600
2016-11-25,4.31,4.315,4.268,4.277,785200
2016-11-28,4.23,4.3,4.23,4.285,2089400
2016-11-29,4.302,4.325,4.265,4.265,12671100
2016-11-30,4.239,4.315,4.239,4.275,12433500
2016-12-01,4.29,4.319,4.266,4.285,7132700
2016-12-02,4.276,4.294,4.249,4.25,10559300
2016-12-05,4.258,4.28,4.245,4.246,9526500
2016-12-06,4.241,4.268,4.24,4.241,7806700
2016-12-07,4.259,4.275,4.246,4.25,6834900
2016-12-08,4.292,4.292,4.22,4.235,2572700
2016-12-09,4.236,4.275,4.23,4.25,1836300
2016-12-12,4.242,4.292,4.23,4.236,1058200
2016-12-13,4.244,4.25,4.23,4.24,1495300
2016-12-14,4.256,4.269,4.23,4.234,1263400
2016-12-15,4.242,4.269,4.23,4.245,1228000
2016-12-16,4.25,4.284,4.233,4.244,1790400
2016-12-19,4.251,4.29,4.239,4.253,1682200
2016-12-20,4.274,4.303,4.255,4.265,3395500
2016-12-21,4.288,4.29,4.249,4.267,1292300
2016-12-22,4.254,4.293,4.254,4.27,1194100
2016-12-23,4.31,4.31,4.25,4.265,1557600
2016-12-26,4.274,4.288,4.22,4.288,2076400
2016-12-27,4.282,4.301,4.275,4.28,5622000
2016-12-28,4.263,4.299,4.263,4.299,10250800
2016-12-29,4.291,4.304,4.252,4.291,724200
2016-12-30,4.272,4.304,4.25,4.3,951500
2017-01-03,4.314,4.34,4.309,4.34,250000
2017-01-04,4.332,4.339,4.255,4.255,2046800
2017-01-05,4.265,4.296,4.248,4.248,1528900
2017-01-06,4.287,4.29,4.275,4.275,346600
2017-01-09,4.285,4.294,4.27,4.283,569400
2017-01-10,4.286,4.3,4.271,4.29,912000
2017-01-11,4.291,4.319,4.291,4.299,1212700
2017-01-12,4.298,4.305,4.282,4.299,1229800
2017-01-13,4.307,4.33,4.3,4.309,1355400
2017-01-16,4.338,4.339,4.31,4.315,1174500
2017-01-17,4.314,4.325,4.306,4.309,1423700
2017-01-18,4.314,4.328,4.292,4.292,1870100
2017-01-19,4.309,4.328,4.275,4.297,3154900
2017-01-20,4.297,4.3,4.265,4.285,1123200
2017-01-23,4.294,4.309,4.25,4.255,2331900
2017-01-24,4.268,4.3,4.255,4.295,1589700
2017-01-25,4.302,4.304,4.269,4.289,1769400
2017-01-26,4.298,4.333,4.28,4.299,1566200
2017-01-27,4.293,4.319,4.275,4.306,1305200
2017-01-30,4.309,4.31,4.265,4.265,1399500
2017-01-31,4.274,4.29,4.251,4.262,1408900
2017-02-01,4.274,4.3,4.27,4.282,2123700
2017-02-02,4.297,4.3,4.27,4.276,1661000
2017-02-03,4.276,4.309,4.272,4.286,1793400
2017-02-06,4.284,4.301,4.272,4.273,1942100
2017-02-07,4.272,4.3,4.26,4.28,6134200
2017-02-08,4.286,4.29,4.25,4.25,4151300
2017-02-09,4.258,4.28,4.23,4.241,5337100
2017-02-10,4.254,4.27,4.239,4.246,1510200
2017-02-13,4.254,4.261,4.247,4.259,1005800
2017-02-14,4.273,4.283,4.234,4.239,1260200
2017-02-15,4.241,4.27,4.227,4.25,1845600
2017-02-16,4.241,4.252,4.234,4.25,1204400
2017-02-17,4.255,4.265,4.239,4.24,1685500
2017-02-20,4.246,4.249,4.235,4.24,1143400
2017-02-21,4.245,4.272,4.244,4.272,1341500
2017-02-22,4.264,4.29,4.263,4.263,1178000
2017-02-24,4.272,4.293,4.27,4.28,653200
2017-02-27,4.285,4.285,4.255,4.255,2058200
2017-02-28,4.263,4.27,4.222,4.231,1600900
2017-03-01,4.224,4.285,4.224,4.259,1940400
2017-03-02,4.254,4.3,4.254,4.26,1889800
2017-03-03,4.27,4.29,4.245,4.261,1448800
2017-03-06,4.245,4.261,4.235,4.255,880300
2017-03-07,4.256,4.27,4.215,4.223,1949400
2017-03-09,4.235,4.263,4.203,4.207,1847200
2017-03-10,4.214,4.23,4.198,4.215,135563600
2017-03-13,4.224,4.26,4.21,4.246,31909500
2017-03-14,4.255,4.265,4.24,4.24,1176500
2017-03-15,4.249,4.279,4.24,4.279,3177000
2017-03-16,4.288,4.322,4.02,4.32,6836100
2017-03-17,4.323,4.395,4.322,4.395,3091100
2017-03-20,4.387,4.405,4.341,4.368,1894200
2017-03-21,4.377,4.393,4.331,4.355,2063800
2017-03-22,4.347,4.353,4.294,4.294,1797800
2017-03-23,4.302,4.32,4.261,4.261,1421500
2017-03-24,4.295,4.295,4.248,4.248,1872300
2017-03-27,4.256,4.28,4.225,4.242,1728200
2017-03-28,4.254,4.277,4.24,4.277,1769800
2017-03-29,4.284,4.325,4.275,4.325,2703700
2017-03-30,4.286,4.355,4.286,4.35,3392800
2017-03-31,4.335,4.39,4.31,4.39,3618500
2017-04-03,4.399,4.41,4.336,4.4,1637200
2017-04-04,4.371,4.42,4.36,4.405,2482700
2017-04-05,4.365,4.446,4.364,4.44,2084600
2017-04-06,4.446,4.461,4.42,4.428,1810200
2017-04-07,4.43,4.43,4.365,4.365,2233500
2017-04-10,4.398,4.4,4.323,4.349,1721500
2017-04-11,4.375,4.395,4.351,4.358,1528300
2017-04-12,4.4,4.409,4.339,4.339,1848000
2017-04-13,4.373,4.396,4.325,4.35,2070400
2017-04-14,4.349,4.39,4.331,4.331,4403200
2017-04-17,4.367,4.376,4.33,4.358,2568600
2017-04-18,4.397,4.398,4.335,4.34,1919700
2017-04-19,4.351,4.39,4.35,4.387,1826800
2017-04-20,4.366,4.387,4.35,4.386,2230600
2017-04-21,4.379,4.387,4.35,4.35,2960300
2017-04-24,4.342,4.402,4.34,4.402,3177800
2017-04-25,4.402,4.441,4.366,4.43,6950800
2017-04-26,4.431,4.445,4.4,4.441,4946800
2017-04-27,4.438,4.449,4.407,4.435,2744100
2017-04-28,4.43,4.455,4.41,4.414,3351600
2017-05-02,4.42,4.461,4.41,4.42,4170700
2017-05-03,4.398,4.45,4.398,4.419,3878100
2017-05-04,4.405,4.449,4.405,4.423,3028800
2017-05-05,4.438,4.44,4.415,4.415,4072400
2017-05-10,4.449,4.449,4.42,4.421,3194200
2017-05-11,4.459,4.459,4.41,4.417,3179200
2017-05-12,4.416,4.455,4.415,4.422,6042600
2017-05-15,4.411,4.476,4.411,4.43,4634000
2017-05-16,4.411,4.467,4.411,4.431,6791800
2017-05-17,4.411,4.493,4.411,4.445,14346800
2017-05-18,4.44,4.48,4.427,4.447,12425700
2017-05-19,4.425,4.455,4.425,4.432,11353000
2017-05-22,4.421,4.441,4.392,4.394,5432600
2017-05-23,4.391,4.4,4.38,4.4,3497300
2017-05-24,4.4,4.4,4.35,4.351,2340700
2017-05-25,4.29,4.39,4.29,4.345,3312700
2017-05-26,4.351,4.351,4.301,4.32,1673900
2017-05-29,4.321,4.36,4.31,4.325,1766000
2017-05-30,4.339,4.339,4.15,4.27,5213400
2017-05-31,4.276,4.281,4.24,4.24,4293600
2017-06-01,4.255,4.296,4.21,4.22,2925400
2017-06-02,4.254,4.255,4.18,4.23,4679100
2017-06-05,4.202,4.251,4.202,4.24,22041800
2017-06-06,4.25,4.256,4.221,4.24,25537600
2017-06-07,4.258,4.258,4.215,4.235,40579500
2017-06-08,4.215,4.268,4.214,4.235,38457500
2017-06-09,4.229,4.25,4.22,4.239,42960100
2017-06-13,4.238,4.257,4.228,4.239,14466300
2017-06-14,4.245,4.245,4.22,4.24,4682000
2017-06-15,4.23,4.249,4.18,4.237,14716100
2017-06-16,4.238,4.247,4.212,4.24,10417700
2017-06-19,4.265,4.31,4.255,4.259,9951100
2017-06-20,4.294,4.35,4.294,4.35,6984800
2017-06-21,4.36,4.4,4.329,4.38,7708100
2017-06-22,4.386,4.44,4.35,4.439,5058700
2017-06-23,4.44,4.461,4.4,4.435,1884900
2017-06-26,4.459,4.471,4.44,4.45,2580900
2017-06-27,4.451,4.484,4.44,4.48,6300400
2017-06-28,4.491,4.53,4.473,4.498,6340100
2017-06-29,4.5,4.523,4.468,4.491,4716300
2017-06-30,4.504,4.519,4.5,4.5,5688900
2017-07-03,4.525,4.541,4.5,4.522,4767000
2017-07-04,4.541,4.542,4.506,4.54,5068700
2017-07-05,4.539,4.55,4.528,4.539,3832700
2017-07-06,4.549,4.551,4.537,4.539,4299600
2017-07-07,4.585,4.585,4.492,4.5,5278100
2017-07-10,4.516,4.535,4.516,4.534,4063700
2017-07-11,4.529,4.56,4.521,4.542,6164600
2017-07-12,4.53,4.56,4.53,4.56,5019000
2017-07-13,4.546,4.57,4.535,4.554,5063900
2017-07-14,4.579,4.579,4.541,4.555,3706000
2017-07-17,4.554,4.568,4.554,4.56,4713700
2017-07-18,4.574,4.574,4.55,4.562,4854200
2017-07-19,4.556,4.561,4.53,4.555,4160100
2017-07-20,4.563,4.563,4.53,4.56,4044500
2017-07-21,4.558,4.561,4.53,4.53,8517800
2017-07-24,4.541,4.558,4.527,4.548,6115400
2017-07-25,4.539,4.559,4.51,4.522,5884100
2017-07-26,4.538,4.557,4.52,4.528,4709700
2017-07-27,4.545,4.555,4.545,4.555,3633200
2017-07-28,4.554,4.554,4.493,4.495,6668900
2017-07-31,4.485,4.522,4.39,4.436,6357200
2017-08-01,4.434,4.526,4.434,4.505,4726400
2017-08-02,4.478,4.539,4.477,4.529,4267600
2017-08-03,4.538,4.542,4.52,4.538,3755200
2017-08-04,4.521,4.54,4.5,4.505,3912200
2017-08-07,4.536,4.543,4.514,4.533,5065900
2017-08-08,4.541,4.543,4.485,4.508,5606500
2017-08-09,4.505,4.513,4.451,4.455,5533300
2017-08-10,4.496,4.503,4.444,4.502,4271700
2017-08-11,4.505,4.509,4.485,4.499,5843700
2017-08-14,4.515,4.521,4.496,4.51,5930200
2017-08-15,4.521,4.522,4.482,4.51,5734700
2017-08-16,4.51,4.52,4.4,4.424,696992400
2017-08-17,4.383,4.445,4.381,4.425,6330000
2017-08-18,4.424,4.442,4.409,4.44,4654400
2017-08-21,4.475,4.529,4.435,4.511,7297900
2017-08-22,4.529,4.548,4.52,4.548,5424900
2017-08-23,4.551,4.58,4.523,4.58,6580100
2017-08-24,4.579,4.658,4.55,4.602,11357400
2017-08-25,4.637,4.658,4.581,4.62,31762400
2017-08-28,4.634,4.656,4.57,4.617,35811200
2017-08-29,4.589,4.63,4.483,4.575,38515200
2017-08-30,4.615,4.618,4.549,4.571,43866500
2017-08-31,4.576,4.592,4.484,4.58,6281200
2017-09-01,4.54,4.598,4.5,4.576,6744400
2017-09-04,4.598,4.599,4.541,4.553,4396600
2017-09-05,4.589,4.589,4.5,4.557,4866700
2017-09-06,4.569,4.569,4.509,4.534,4290300
2017-09-07,4.513,4.554,4.513,4.543,4344600
2017-09-08,4.557,4.575,4.53,4.554,6297800
2017-09-11,4.563,4.577,4.499,4.524,7473500
2017-09-12,4.502,4.524,4.44,4.496,7530700
2017-09-13,4.499,4.509,4.46,4.48,5499500
2017-09-14,4.485,4.485,4.38,4.392,49976300
2017-09-15,4.42,4.449,4.37,4.449,53491600
2017-09-18,4.412,4.418,4.354,4.373,14612300
2017-09-19,4.398,4.402,4.35,4.363,10505900
2017-09-20,4.364,4.399,4.363,4.399,13494600
2017-09-21,4.399,4.405,4.35,4.355,16612200
2017-09-22,4.388,4.393,4.364,4.37,4572100
2017-09-25,4.4,4.451,4.365,4.444,15461100
2017-09-26,4.41,4.536,4.408,4.536,12085400
2017-09-27,4.536,4.6,4.5,4.58,9828500
2017-09-28,4.584,4.61,4.573,4.573,6595400
2017-09-29,4.595,4.599,4.574,4.599,6705100
2017-10-02,4.604,4.62,4.576,4.583,5641800
2017-10-03,4.594,4.605,4.54,4.59,6811300
2017-10-04,4.599,4.599,4.575,4.58,6905600
2017-10-05,4.591,4.591,4.561,4.584,31218100
2017-10-06,4.589,4.594,4.571,4.593,6900600
2017-10-09,4.567,4.599,4.55,4.56,7533900
2017-10-10,4.566,4.566,4.511,4.515,157756400
2017-10-11,4.549,4.549,4.5,4.53,81257700
2017-10-12,4.519,4.52,4.5,4.514,86931300
2017-10-13,4.52,4.547,4.514,4.517,229136900
2017-10-16,4.516,4.625,4.511,4.625,18296800
2017-10-17,4.63,4.63,4.546,4.595,6892700
2017-10-18,4.569,4.645,4.565,4.645,11345400
2017-10-19,4.601,4.619,4.53,4.531,7706800
2017-10-20,4.57,4.57,4.512,4.549,8693200
2017-10-23,4.557,4.56,4.521,4.521,8483700
2017-10-24,4.511,4.623,4.43,4.518,21337600
2017-10-25,4.551,4.551,4.447,4.506,14805700
2017-10-26,4.517,4.517,4.5,4.51,6683600
2017-10-27,4.518,4.573,4.515,4.568,17239300
2017-10-30,4.598,4.598,4.531,4.553,10008400
2017-10-31,4.554,4.56,4.544,4.547,6909600
2017-11-01,4.56,4.56,4.511,4.55,12310400
2017-11-02,4.544,4.562,4.54,4.54,5793800
2017-11-03,4.558,4.558,4.542,4.553,6427200
2017-11-07,4.539,4.612,4.539,4.604,6064200
2017-11-08,4.576,4.65,4.576,4.648,12472900
2017-11-09,4.616,4.681,4.601,4.61,6117500
2017-11-10,4.579,4.639,4.579,4.592,7734700
2017-11-13,4.58,4.593,4.579,4.59,7667600
2017-11-14,4.558,4.615,4.556,4.577,6492100
2017-11-15,4.581,4.581,4.53,4.532,13801900
2017-11-16,4.559,4.561,4.509,4.521,8010300
2017-11-17,4.554,4.559,4.499,4.5,6674900
2017-11-20,4.53,4.53,4.453,4.471,9858700
2017-11-21,4.499,4.499,4.418,4.429,7373100
2017-11-22,4.45,4.47,4.3,4.362,7253900
2017-11-23,4.399,4.43,4.378,4.382,6175000
2017-11-24,4.407,4.408,4.183,4.329,7814700
2017-11-27,4.36,4.41,4.314,4.334,6412200
2017-11-28,4.344,4.384,4.29,4.304,9210700
2017-11-29,4.333,4.347,4.262,4.288,9173400
2017-11-30,4.37,4.409,4.28,4.35,15449900
2017-12-01,4.354,4.354,4.282,4.3,4247100
2017-12-04,4.301,4.332,4.289,4.299,3933300
2017-12-05,4.321,4.328,4.297,4.297,4807500
2017-12-06,4.326,4.326,4.284,4.3,4936900
2017-12-07,4.324,4.325,4.287,4.294,5442100
2017-12-08,4.318,4.318,4.289,4.294,3335600
2017-12-11,4.317,4.317,4.262,4.273,5968300
2017-12-12,4.298,4.303,4.26,4.29,3839300
2017-12-13,4.31,4.311,4.268,4.28,3313100
2017-12-14,4.303,4.31,4.217,4.265,5023800
2017-12-15,4.298,4.3,4.25,4.25,3473900
2017-12-18,4.28,4.291,4.228,4.234,26876300
2017-12-19,4.236,4.278,4.207,4.26,46402300
2017-12-20,4.277,4.29,4.22,4.23,25648000
2017-12-21,4.247,4.341,4.225,4.3,111433500
2017-12-22,4.283,4.31,4.27,4.31,6763900
2017-12-25,4.333,4.414,4.297,4.414,36736200
2017-12-26,4.439,4.543,4.376,4.543,25287800
2017-12-27,4.58,4.67,4.425,4.63,24949500
2017-12-28,4.649,4.7,4.58,4.691,17808600
2017-12-29,4.674,4.742,4.667,4.742,7503100
2018-01-03,4.68,4.74,4.68,4.735,1065500
2018-01-04,4.721,4.75,4.721,4.741,864600
2018-01-05,4.773,4.775,4.696,4.705,1089100
2018-01-09,4.736,4.736,4.651,4.717,4992000
2018-01-10,4.719,4.746,4.68,4.705,5091900
2018-01-11,4.693,4.745,4.669,4.72,6475800
2018-01-12,4.704,4.749,4.664,4.732,6893800
2018-01-15,4.748,4.75,4.697,4.735,6613900
2018-01-16,4.732,4.749,4.68,4.683,5918100
2018-01-17,4.55,4.702,4.55,4.702,5595300
2018-01-18,4.7,4.722,4.682,4.722,5745700
2018-01-19,4.722,4.765,4.7,4.765,5396100
2018-01-22,4.769,4.776,4.713,4.755,6678600
2018-01-23,4.768,4.769,4.705,4.729,5571200
2018-01-24,4.729,4.743,4.704,4.731,5788200
2018-01-25,4.74,4.781,4.716,4.781,7077900
2018-01-26,4.751,4.793,4.723,4.728,7411200
2018-01-29,4.716,4.744,4.683,4.71,5321900
2018-01-30,4.691,4.698,4.655,4.688,9197400
2018-01-31,4.695,4.699,4.66,4.66,5182500
2018-02-01,4.7,4.705,4.658,4.705,5884500
2018-02-02,4.699,4.708,4.687,4.687,5937900
2018-02-05,4.707,4.707,4.652,4.677,6057100
2018-02-06,4.653,4.693,4.601,4.601,6410000
2018-02-07,4.611,4.675,4.611,4.668,5533000
2018-02-08,4.681,4.681,4.64,4.64,5325700
2018-02-09,4.634,4.67,4.58,4.596,6966800
2018-02-12,4.563,4.631,4.562,4.629,5037800
2018-02-13,4.65,4.683,4.623,4.67,5515000
2018-02-14,4.68,4.683,4.651,4.659,5882200
2018-02-15,4.642,4.701,4.637,4.663,5642700
2018-02-16,4.645,4.695,4.642,4.67,4797200
2018-02-19,4.656,4.689,4.65,4.665,5075400
2018-02-20,4.653,4.683,4.65,4.68,5689900
2018-02-21,4.683,4.718,4.653,4.718,5788500
2018-02-22,4.682,4.732,4.671,4.73,6058200
2018-02-26,4.749,4.78,4.749,4.777,5832900
2018-02-27,4.777,4.8,4.75,4.75,5293800
2018-02-28,4.737,4.771,4.717,4.734,5630300
2018-03-01,4.767,4.769,4.72,4.74,5903900
2018-03-02,4.749,4.75,4.7,4.7,5734600
2018-03-05,4.74,4.743,4.672,4.726,5037800
2018-03-06,4.742,4.744,4.73,4.74,4888000
2018-03-07,4.749,4.749,4.737,4.742,4600100
2018-03-09,4.75,4.77,4.732,4.746,3727400
2018-03-12,4.755,4.908,4.755,4.805,14952800
2018-03-13,4.803,4.83,4.779,4.802,6800500
2018-03-14,4.781,4.855,4.77,4.8,8983600
2018-03-15,4.82,5.0,4.82,4.9,16921500
2018-03-16,4.881,5.0,4.75,4.75,283279400
2018-03-19,4.783,4.847,4.783,4.83,5103500
2018-03-20,4.82,4.84,4.765,4.83,6362700
2018-03-21,4.826,4.863,4.802,4.85,6897400
2018-03-22,4.826,4.834,4.809,4.816,4768400
2018-03-23,4.805,4.849,4.78,4.821,18608200
2018-03-26,4.818,4.831,4.78,4.799,13098100
2018-03-27,4.802,4.82,4.796,4.815,5632300
2018-03-28,4.816,4.82,4.8,4.81,4675000
2018-03-29,4.795,4.864,4.791,4.829,6485900
2018-03-30,4.834,4.87,4.809,4.849,6511900
2018-04-02,4.842,4.864,4.814,4.816,4967400
2018-04-03,4.811,4.811,4.781,4.79,5458600
2018-04-04,4.776,4.817,4.755,4.76,6495900
2018-04-05,4.766,4.823,4.76,4.805,7884800
2018-04-06,4.788,4.817,4.788,4.803,2872000
2018-04-09,4.801,4.817,4.61,4.663,20110800
2018-04-10,4.697,4.709,4.645,4.645,3487600
2018-04-11,4.677,4.77,4.656,4.73,6701000
2018-04-12,4.698,4.779,4.697,4.729,5905700
2018-04-13,4.738,4.77,4.713,4.761,4745400
2018-04-16,4.741,4.762,4.676,4.71,7236200
2018-04-17,4.724,4.775,4.71,4.775,5905600
2018-04-18,4.775,4.83,4.749,4.82,5540300
2018-04-19,4.82,4.82,4.76,4.785,4363400
2018-04-20,4.772,4.787,4.74,4.775,4339200
2018-04-23,4.746,4.79,4.736,4.765,3887900
2018-04-24,4.792,4.792,4.701,4.701,6915800
2018-04-25,4.74,4.74,4.638,4.662,9266700
2018-04-26,4.677,4.697,4.623,4.623,10988100
2018-04-27,4.651,4.66,4.59,4.622,14829000
2018-04-28,4.619,4.68,4.615,4.68,7866100
2018-04-30,4.666,4.709,4.62,4.62,1727500
2018-05-02,4.65,4.65,4.535,4.535,1979200
2018-05-03,4.56,4.67,4.56,4.605,4414200
2018-05-04,4.628,4.65,4.583,4.649,2933500
2018-05-07,4.649,4.73,4.649,4.73,3629000
2018-05-08,4.726,4.794,4.696,4.794,4113400
2018-05-10,4.793,4.817,4.753,4.753,3873400
2018-05-11,4.79,4.795,4.718,4.788,4259100
2018-05-14,4.769,4.85,4.74,4.845,11081800
2018-05-15,4.85,4.918,4.8,4.86,13126300
2018-05-16,4.91,4.911,4.802,4.815,17119800
2018-05-17,4.808,4.851,4.798,4.845,9355500
2018-05-18,4.859,4.91,4.805,4.91,6802200
2018-05-21,4.87,4.925,4.827,4.868,4876800
2018-05-22,4.853,4.879,4.746,4.813,8823500
2018-05-23,4.84,4.842,4.719,4.719,11475900
2018-05-24,4.73,4.758,4.687,4.69,7106700
2018-05-25,4.725,4.737,4.648,4.68,11946500
2018-05-28,4.714,4.746,4.64,4.68,13756700
2018-05-29,4.715,4.725,4.609,4.696,9771700
2018-05-30,4.717,4.749,4.64,4.749,9680700
2018-05-31,4.763,4.842,4.714,4.842,55794900
2018-06-01,4.88,4.88,4.723,4.741,4196000
2018-06-04,4.75,4.768,4.67,4.71,16188100
2018-06-05,4.696,4.745,4.641,4.715,15772600
2018-06-06,4.733,4.742,4.659,4.676,12033600
2018-06-07,4.71,4.721,4.663,4.7,11343300
2018-06-08,4.688,4.76,4.656,4.733,9954300
2018-06-09,4.71,4.775,4.699,4.775,6670400
2018-06-11,4.734,4.744,4.719,4.719,2170500
2018-06-13,4.763,4.81,4.748,4.81,5147900
2018-06-14,4.754,4.87,4.754,4.85,11554100
2018-06-15,4.81,4.98,4.77,4.98,14413100
2018-06-18,4.95,4.962,4.857,4.9,5194300
2018-06-19,4.875,4.909,4.852,4.908,4738500
2018-06-20,4.945,4.945,4.863,4.92,5154800
2018-06-21,4.912,4.912,4.869,4.875,4218600
2018-06-22,4.889,4.893,4.852,4.852,4580500
2018-06-25,4.89,4.89,4.821,4.865,3441800
2018-06-26,4.887,4.9,4.837,4.892,4092200
2018-06-27,4.897,4.909,4.871,4.897,2921200
2018-06-28,4.892,4.909,4.881,4.905,4418100
2018-06-29,4.913,4.945,4.889,4.927,7484000
2018-07-02,4.948,4.948,4.862,4.895,5611300
2018-07-03,4.926,4.929,4.805,4.82,5102300
2018-07-04,4.85,4.871,4.822,4.83,3255400
2018-07-05,4.859,4.86,4.814,4.825,2791100
2018-07-06,4.842,4.842,4.767,4.781,2819300
2018-07-09,4.78,4.8,4.72,4.72,13196100
2018-07-10,4.759,4.759,4.69,4.724,11615400
2018-07-11,4.69,4.725,4.67,4.721,10560800
2018-07-12,4.73,4.749,4.68,4.7,9587300
2018-07-13,4.717,4.738,4.683,4.73,4285400
2018-07-16,4.75,4.75,4.687,4.744,5538500
2018-07-17,4.78,4.78,4.7,4.73,4257500
2018-07-18,4.73,4.746,4.73,4.745,5193100
2018-07-19,4.72,4.765,4.695,4.744,9582600
2018-07-20,4.745,4.82,4.734,4.8,13825500
2018-07-23,4.82,4.829,4.72,4.81,8879300
2018-07-24,4.775,4.865,4.775,4.825,12265100
2018-07-25,4.791,4.838,4.755,4.8,11209200
2018-07-26,4.796,4.855,4.781,4.855,7108200
2018-07-27,4.86,4.89,4.836,4.89,6373900
2018-07-30,4.9,4.932,4.882,4.911,6742700
2018-07-31,4.892,4.949,4.891,4.944,8615100
2018-08-01,4.909,4.981,4.909,4.962,11401600
2018-08-02,4.933,4.989,4.9,4.969,8011700
2018-08-03,4.99,5.002,4.951,4.982,7323600
2018-08-06,4.952,5.02,4.952,5.02,5543100
2018-08-07,5.007,5.015,4.94,4.94,7445500
2018-08-08,4.904,4.977,4.9,4.9,7765900
2018-08-09,4.931,4.956,4.916,4.956,5370700
2018-08-10,4.934,4.992,4.899,4.91,6268200
2018-08-13,4.934,4.989,4.914,4.95,6922600
2018-08-14,4.921,5.0,4.91,4.955,5552600
2018-08-15,4.954,5.0,4.934,4.976,4706700
2018-08-16,4.975,4.993,4.937,4.965,3970100
2018-08-17,4.965,5.0,4.922,4.978,3599600
2018-08-20,5.021,5.022,4.941,4.944,3935000
2018-08-21,4.977,5.099,4.911,5.019,6348700
2018-08-22,5.06,5.1,4.965,5.02,4692300
2018-08-23,5.06,5.06,4.974,4.99,7507500
2018-08-24,5.019,5.104,4.971,5.048,7744300
2018-08-27,5.068,5.07,5.0,5.052,6075500
2018-08-28,5.026,5.049,4.912,5.027,9578000
2018-08-29,4.998,5.006,4.963,5.005,4421700
2018-08-30,4.983,5.003,4.925,4.981,6110600
2018-08-31,4.98,5.009,4.951,5.0,7356600
2018-09-03,4.971,5.046,4.964,4.996,3823200
2018-09-04,5.025,5.028,4.983,5.022,3724400
2018-09-05,4.976,5.019,4.976,5.0,3613100
2018-09-06,5.029,5.029,4.973,4.976,2847800
2018-09-07,5.005,5.006,4.953,4.974,4544900
2018-09-10,4.999,5.005,4.945,4.994,3018000
2018-09-11,4.984,5.003,4.966,4.995,5523300
2018-09-12,4.988,5.012,4.984,4.984,4526100
2018-09-13,4.988,4.99,4.934,4.934,6696600
2018-09-14,4.946,4.973,4.91,4.957,4164500
2018-09-17,4.965,4.966,4.916,4.951,6548400
2018-09-18,4.941,4.989,4.941,4.95,4160800
2018-09-19,4.951,5.004,4.93,5.001,7898700
2018-09-20,5.003,5.02,4.95,5.0,8901100
2018-09-21,5.0,5.095,4.998,5.095,11466900
2018-09-24,5.081,5.127,5.066,5.087,5105800
2018-09-25,5.09,5.118,5.045,5.045,4698200
2018-09-26,5.016,5.07,5.001,5.026,5794000
2018-09-27,5.001,5.06,4.992,5.016,5894100
2018-09-28,5.06,5.06,5.005,5.049,5173100
2018-10-01,5.049,5.08,5.045,5.047,3285600
2018-10-02,5.09,5.09,5.02,5.039,5137200
2018-10-03,5.028,5.083,5.024,5.052,5236200
2018-10-04,5.028,5.09,5.013,5.09,5879200
2018-10-05,5.09,5.096,5.022,5.022,6099400
2018-10-08,5.003,5.046,4.993,5.002,4738900
2018-10-09,4.981,5.042,4.981,5.04,5441900
2018-10-10,5.048,5.079,5.03,5.079,4950600
2018-10-11,5.08,5.08,5.02,5.02,4745300
2018-10-12,4.98,5.055,4.98,5.045,5119900
2018-10-15,5.031,5.068,5.026,5.026,4446000
2018-10-16,5.055,5.055,5.01,5.027,4148200
2018-10-17,5.07,5.08,5.002,5.08,3971000
2018-10-18,5.052,5.097,5.04,5.043,4835300
2018-10-19,5.063,5.069,4.97,4.99,5913400
2018-10-22,5.022,5.026,4.99,4.991,3665900
2018-10-23,5.017,5.017,4.92,4.945,5628400
2018-10-24,4.965,5.019,4.965,5.017,6566900
2018-10-25,5.02,5.022,4.964,4.998,4721400
2018-10-26,4.971,5.008,4.95,4.95,6094000
2018-10-29,4.955,4.989,4.912,4.965,4486400
2018-10-30,4.993,4.995,4.923,4.941,5158300
2018-10-31,4.965,5.028,4.965,5.028,3963700
2018-11-01,4.998,5.04,4.995,5.02,4798600
2018-11-02,4.997,5.061,4.997,5.061,5648300
2018-11-06,5.065,5.112,5.036,5.112,4909700
2018-11-07,5.1,5.143,5.08,5.11,3854000
2018-11-08,5.113,5.154,5.111,5.112,4798700
2018-11-09,5.111,5.14,5.056,5.057,5300300
2018-11-12,5.114,5.114,5.027,5.078,5385200
2018-11-13,5.099,5.11,5.039,5.059,4834700
2018-11-14,5.074,5.08,5.035,5.08,6210200
2018-11-15,5.056,5.097,5.05,5.061,4477400
2018-11-16,5.063,5.096,5.052,5.052,4689400
2018-11-19,5.04,5.086,5.04,5.052,5036000
2018-11-20,5.077,5.081,5.005,5.005,5850900
2018-11-21,5.036,5.043,4.984,5.043,5122500
2018-11-22,4.951,5.072,4.951,5.041,5267600
2018-11-23,5.001,5.072,5.001,5.027,5677400
2018-11-26,5.007,5.054,4.965,4.965,6012500
2018-11-27,4.996,5.03,4.978,4.991,4913700
2018-11-28,5.049,5.049,4.985,5.025,5163000
2018-11-29,5.076,5.108,5.04,5.043,5261100
2018-11-30,5.073,5.195,5.034,5.195,9110100
2018-12-03,5.218,5.218,5.095,5.15,6973700
2018-12-04,5.169,5.182,5.091,5.122,7169400
2018-12-05,5.103,5.153,5.09,5.09,5953700
2018-12-06,5.096,5.1,5.045,5.045,6424800
2018-12-07,5.068,5.105,5.063,5.075,5174300
2018-12-10,5.106,5.111,5.062,5.111,5329800
2018-12-11,5.129,5.302,5.129,5.14,6971700
2018-12-12,5.158,5.167,5.082,5.082,4353100
2018-12-13,5.101,5.119,5.061,5.099,6284100
2018-12-14,5.082,5.098,5.052,5.098,5110200
2018-12-17,5.069,5.142,5.067,5.138,4212400
2018-12-18,5.138,5.169,5.059,5.12,5821100
2018-12-19,5.146,5.148,5.0,5.0,5935200
2018-12-20,5.0,5.112,4.983,5.11,5232600
2018-12-21,5.094,5.135,5.094,5.12,4378800
2018-12-24,5.094,5.133,5.081,5.117,4873100
2018-12-25,5.148,5.148,5.08,5.1,3824300
2018-12-26,5.117,5.16,5.08,5.16,5665700
2018-12-27,5.221,5.249,5.128,5.173,7105800
2018-12-28,5.199,5.205,5.122,5.166,5162800
2018-12-29,5.17,5.19,5.145,5.17,3194300
2019-01-03,5.146,5.211,5.142,5.17,2438500
2019-01-04,5.199,5.199,5.14,5.173,3130300
2019-01-08,5.134,5.18,5.134,5.174,3769800
2019-01-09,5.198,5.198,5.143,5.152,4328900
2019-01-10,5.15,5.185,5.121,5.163,3999400
2019-01-11,5.197,5.197,5.136,5.182,4602800
2019-01-14,5.189,5.189,5.143,5.159,3923000
2019-01-15,5.142,5.184,5.142,5.16,5528900
2019-01-16,5.134,5.185,5.134,5.154,4577900
2019-01-17,5.13,5.179,5.125,5.145,4335300
2019-01-18,5.145,5.189,5.144,5.17,3936200
2019-01-21,5.122,5.203,5.122,5.203,3914900
2019-01-22,5.222,5.233,5.175,5.175,4437500
2019-01-23,5.151,5.238,5.15,5.238,5997300
2019-01-24,5.184,5.24,5.184,5.228,4846600
2019-01-25,5.197,5.265,5.196,5.25,5548200
2019-01-28,5.151,5.282,5.151,5.259,4243300
2019-01-29,5.279,5.281,5.23,5.28,4813100
2019-01-30,5.296,5.3,5.274,5.28,4927300
2019-01-31,5.284,5.375,5.284,5.375,6084200
2019-02-01,5.35,5.403,5.35,5.373,3770300
2019-02-04,5.266,5.435,5.266,5.435,5641200
2019-02-05,5.543,5.543,5.45,5.488,5617100
2019-02-06,5.522,5.523,5.465,5.518,5716300
2019-02-07,5.543,5.553,5.471,5.471,4551100
2019-02-08,5.469,5.504,5.43,5.495,4640200
2019-02-11,5.25,5.534,5.25,5.517,4386600
2019-02-12,5.518,5.553,5.518,5.524,3921500
2019-02-13,5.529,5.545,5.49,5.494,5507200
2019-02-14,5.508,5.508,5.438,5.445,4281700
2019-02-15,5.484,5.49,5.418,5.458,3700700
2019-02-18,5.436,5.489,5.422,5.422,3823600
2019-02-19,5.452,5.452,5.389,5.412,4064000
2019-02-20,5.431,5.45,5.408,5.45,5501000
2019-02-21,5.48,5.48,5.44,5.44,4371000
2019-02-22,5.418,5.47,5.415,5.461,5182900
2019-02-25,5.485,5.503,5.432,5.45,5778900
2019-02-26,5.434,5.467,5.434,5.435,4150200
2019-02-27,5.468,5.468,5.44,5.44,4526100
2019-02-28,5.472,5.515,5.426,5.515,5585600
2019-03-01,5.491,5.525,5.482,5.5,4890900
2019-03-04,5.515,5.547,5.482,5.501,4555800
2019-03-05,5.484,5.512,5.465,5.465,5422900
2019-03-06,5.465,5.536,5.465,5.518,5665000
2019-03-07,5.539,6.526,5.539,5.854,27004900
2019-03-11,5.82,6.05,5.82,5.9,16098100
2019-03-12,5.903,5.967,5.903,5.94,5255500
2019-03-13,5.969,6.0,5.916,5.943,6386700
2019-03-14,5.999,5.999,5.932,5.965,4894400
2019-03-15,5.978,5.978,5.914,5.93,6396200
2019-03-18,5.999,5.999,5.945,5.96,4916500
2019-03-19,5.978,5.98,5.951,5.952,5089800
2019-03-20,5.974,5.986,5.932,5.932,5332000
2019-03-21,5.964,5.969,5.918,5.93,5776300
2019-03-22,5.939,5.939,5.895,5.933,7982500
2019-03-25,5.949,5.949,5.909,5.949,5139700
2019-03-26,5.948,5.97,5.93,5.97,3660800
2019-03-27,5.934,5.98,5.928,5.953,4664200
2019-03-28,5.968,5.986,5.94,5.96,4460800
2019-03-29,5.976,5.995,5.954,5.967,5903700
2019-04-01,5.97,5.987,5.937,5.97,4634200
2019-04-02,5.983,5.986,5.969,5.98,4325000
2019-04-03,5.999,6.022,5.968,5.968,4634300
2019-04-04,5.977,6.0,5.954,5.964,5909300
2019-04-05,5.955,5.976,5.951,5.976,4718000
2019-04-08,5.987,5.993,5.98,5.98,4548400
2019-04-09,5.989,6.017,5.981,5.989,4434900
2019-04-10,5.993,6.002,5.985,5.997,5316600
2019-04-11,6.035,6.035,5.94,5.94,4860400
2019-04-12,5.972,5.977,5.946,5.96,6983100
2019-04-15,5.997,5.997,5.941,5.954,5294100
2019-04-16,5.93,5.961,5.93,5.937,5657300
2019-04-17,5.99,6.15,5.956,5.998,16279600
2019-04-18,6.009,6.027,5.96,5.96,5052100
2019-04-19,5.951,5.988,5.943,5.975,4279900
2019-04-22,5.98,6.0,5.959,5.959,4418600
2019-04-23,5.976,5.99,5.961,5.968,4484000
2019-04-24,5.985,5.985,5.942,5.946,4393800
2019-04-25,5.971,5.971,5.928,5.929,3835000
2019-04-26,5.93,5.935,5.91,5.935,3876400
2019-04-29,5.935,5.962,5.935,5.938,3993900
2019-04-30,5.941,5.966,5.93,5.93,2980800
2019-05-02,5.912,5.975,5.901,5.93,2485400
2019-05-03,5.964,5.988,5.93,5.988,2205500
2019-05-06,5.972,6.005,5.94,5.988,4460600
2019-05-07,5.988,6.0,5.965,5.976,4156200
2019-05-08,5.961,5.98,5.96,5.97,2732800
2019-05-10,5.961,6.0,5.935,5.935,2214000
2019-05-13,5.924,5.943,5.9,5.943,3874400
2019-05-14,5.97,5.976,5.952,5.972,3924400
2019-05-15,5.953,5.981,5.944,5.981,4788200
2019-05-16,5.98,5.981,5.954,5.954,4663100
2019-05-17,5.835,5.973,5.835,5.951,4107300
2019-05-20,5.925,5.977,5.925,5.95,3690000
2019-05-21,5.965,5.97,5.943,5.96,4180300
2019-05-22,5.979,5.985,5.971,5.971,4107000
2019-05-23,5.964,5.982,5.942,5.947,3831100
2019-05-24,5.968,5.977,5.942,5.974,4047200
2019-05-27,5.976,5.994,5.97,5.982,3770000
2019-05-28,5.986,6.145,5.967,6.145,5831800
2019-05-29,6.09,6.099,5.964,5.995,10606900
2019-05-30,6.016,6.016,5.98,5.98,8085600
2019-05-31,6.01,6.01,5.96,5.96,5644800
2019-06-03,5.951,5.977,5.934,5.97,4303000
2019-06-04,5.961,6.0,5.941,5.975,5519900
2019-06-05,5.951,5.981,5.935,5.975,4708900
2019-06-06,5.856,5.988,5.856,5.988,5848800
2019-06-07,5.987,5.987,5.978,5.98,4176200
2019-06-10,5.971,5.986,5.96,5.973,4463600
2019-06-11,5.917,5.977,5.917,5.976,4363300
2019-06-13,5.97,5.972,5.96,5.961,4396600
2019-06-14,5.962,5.98,5.934,5.957,4257600
2019-06-17,5.945,5.982,5.935,5.954,6298700
2019-06-18,5.931,5.984,5.915,5.965,5587900
2019-06-19,5.967,5.974,5.945,5.967,5658600
2019-06-20,5.955,5.978,5.951,5.978,4545900
2019-06-21,5.962,5.975,5.951,5.975,5678200
2019-06-24,5.901,5.997,5.901,5.973,3960300
2019-06-25,5.999,5.999,5.951,5.951,4303400
2019-06-26,5.92,5.976,5.92,5.963,3890300
2019-06-27,5.951,5.996,5.951,5.973,3874800
2019-06-28,5.999,6.0,5.939,5.965,4366400
2019-07-01,5.999,6.109,5.956,6.109,5174900
2019-07-02,6.051,6.072,5.971,5.971,5740700
2019-07-03,5.952,6.0,5.944,5.99,5676900
2019-07-04,6.0,6.001,5.95,5.955,5164600
2019-07-05,5.941,5.997,5.941,5.986,6532500
2019-07-08,5.998,6.022,5.951,5.968,5964000
2019-07-09,5.969,5.969,5.955,5.965,3763300
2019-07-10,5.999,5.999,5.958,5.96,4553400
2019-07-11,5.988,5.988,5.942,5.942,3781500
2019-07-12,5.951,5.959,5.943,5.945,4294700
2019-07-15,5.957,5.959,5.918,5.952,3745300
2019-07-16,5.922,5.977,5.922,5.95,4061000
2019-07-17,5.927,5.97,5.927,5.947,4422500
2019-07-18,5.97,5.983,5.936,5.95,4159600
2019-07-19,5.956,5.983,5.94,5.95,3824100
2019-07-22,5.97,5.975,5.942,5.961,3654700
2019-07-23,5.97,5.979,5.951,5.96,3810700
2019-07-24,5.93,5.975,5.93,5.965,3738200
2019-07-25,5.951,5.993,5.95,5.97,3717300
2019-07-26,5.951,5.973,5.95,5.965,3601100
2019-07-29,5.999,6.002,5.957,5.966,3683800
2019-07-30,5.954,5.976,5.951,5.96,3756400
2019-07-31,5.953,5.985,5.941,5.962,4107300
2019-08-01,5.973,5.973,5.954,5.966,4068200
2019-08-02,5.95,5.967,5.942,5.951,4002700
2019-08-05,5.933,5.95,5.933,5.943,4651300
2019-08-06,5.944,5.973,5.944,5.96,3506900
2019-08-07,5.947,5.965,5.947,5.95,4288100
2019-08-08,5.957,5.968,5.954,5.964,3968300
2019-08-09,5.97,5.985,5.948,5.96,4142400
2019-08-12,5.947,5.972,5.947,5.968,4321800
2019-08-13,5.966,5.97,5.954,5.96,3554200
2019-08-14,5.975,5.975,5.942,5.954,3749900
2019-08-15,5.944,5.955,5.938,5.947,4056200
2019-08-16,5.952,5.96,5.942,5.942,3374800
2019-08-19,5.934,5.963,5.857,5.941,8567900
2019-08-20,5.947,5.947,5.885,5.885,6881800
2019-08-21,5.908,5.918,5.857,5.899,7394600
2019-08-22,5.916,5.916,5.85,5.863,7701400
2019-08-23,5.883,5.883,5.833,5.855,5517700
2019-08-26,5.842,5.87,5.832,5.863,5354300
2019-08-27,5.856,5.87,5.852,5.87,9918500
2019-08-28,5.861,5.889,5.86,5.886,3960000
2019-08-29,5.896,5.93,5.878,5.93,4554000
2019-08-30,5.92,5.987,5.92,5.958,10022600
2019-09-02,5.948,5.991,5.948,5.977,4380300
2019-09-03,5.967,5.984,5.941,5.947,5536600
2019-09-04,5.942,5.97,5.94,5.959,4273900
2019-09-05,5.953,5.982,5.948,5.966,4440300
2019-09-06,5.968,5.968,5.931,5.945,4731000
2019-09-09,5.937,5.954,5.934,5.943,4692200
2019-09-10,5.954,5.954,5.935,5.94,4350300
2019-09-11,5.936,5.97,5.934,5.949,5017300
2019-09-12,5.958,5.958,5.93,5.93,4645300
2019-09-13,5.921,5.937,5.906,5.91,3815900
2019-09-16,5.911,5.939,5.911,5.919,5912100
2019-09-17,5.926,5.931,5.907,5.917,4908000
2019-09-18,5.924,5.925,5.907,5.921,4237900
2019-09-19,5.913,5.93,5.904,5.905,4199800
2019-09-20,5.902,5.951,5.888,5.951,5661900
2019-09-23,5.941,5.949,5.9,5.901,4199100
2019-09-24,5.901,5.913,5.89,5.89,4756400
2019-09-25,5.873,5.873,5.735,5.776,13501700
2019-09-26,5.786,5.792,5.768,5.783,3628400
2019-09-27,5.79,5.799,5.771,5.776,3918200
2019-09-30,5.767,5.784,5.764,5.778,4209700
2019-10-01,5.785,5.799,5.743,5.777,6001400
2019-10-02,5.783,5.786,5.748,5.761,6245100
2019-10-03,5.753,5.768,5.743,5.752,5164000
2019-10-04,5.748,5.762,5.74,5.741,7717400
2019-10-07,5.741,5.762,5.734,5.754,5571600
2019-10-08,5.749,5.762,5.74,5.756,7213000
2019-10-09,5.765,5.769,5.749,5.763,7002700
2019-10-10,5.763,5.773,5.749,5.773,6462900
2019-10-11,5.775,5.786,5.758,5.758,8215900
2019-10-14,5.753,5.792,5.732,5.745,7541100
2019-10-15,5.765,5.774,5.737,5.764,7822700
2019-10-16,5.767,5.792,5.752,5.785,8953300
2019-10-17,5.793,5.797,5.774,5.777,8696600
2019-10-18,5.773,5.79,5.769,5.78,8673000
2019-10-21,5.811,5.811,5.766,5.789,9441000
2019-10-22,5.78,5.824,5.78,5.823,9222100
2019-10-23,5.823,5.827,5.79,5.8,7955100
2019-10-24,5.78,5.781,5.733,5.755,9033500
2019-10-25,5.738,5.895,5.738,5.87,10401100
2019-10-28,5.852,5.852,5.778,5.778,9415500
2019-10-29,5.782,5.801,5.603,5.74,10878500
2019-10-30,5.747,5.766,5.709,5.76,8329100
2019-10-31,5.752,5.79,5.737,5.772,11540600
2019-11-01,5.768,5.805,5.745,5.797,8311900
2019-11-05,5.789,5.816,5.211,5.565,30354300
2019-11-06,5.6,5.623,5.445,5.45,37334800
2019-11-07,5.45,5.611,5.4,5.611,35367900
2019-11-08,5.58,5.614,5.555,5.614,27644000
2019-11-11,5.605,5.682,5.559,5.62,27754200
2019-11-12,5.592,5.65,5.567,5.62,28950300
2019-11-13,5.61,5.63,5.514,5.514,31176700
2019-11-14,5.56,5.628,5.56,5.604,21655000
2019-11-15,5.605,5.694,5.565,5.69,28170900
2019-11-18,5.74,5.767,5.656,5.671,16030300
2019-11-19,5.68,5.723,5.655,5.723,24311100
2019-11-20,5.65,5.74,5.65,5.677,20233300
2019-11-21,5.66,5.721,5.641,5.687,21070100
2019-11-22,5.682,5.724,5.672,5.678,17967000
2019-11-25,5.67,5.713,5.667,5.698,18506700
2019-11-26,5.69,5.83,5.66,5.83,30826600
2019-11-27,5.75,6.01,5.7,5.91,36991500
2019-11-28,5.9,5.938,5.875,5.918,23146600
2019-11-29,5.918,5.95,5.897,5.939,22043600
2019-12-02,5.949,5.988,5.918,5.918,29582400
2019-12-03,5.926,5.926,5.858,5.87,33703100
2019-12-04,5.877,5.904,5.783,5.903,57088900
2019-12-05,5.91,5.936,5.831,5.881,21868300
2019-12-06,5.873,5.968,5.813,5.93,53134500
2019-12-09,5.928,6.009,5.902,5.997,38928500
2019-12-10,6.004,6.005,5.915,5.955,22019400
2019-12-11,5.946,5.99,5.891,5.972,43988500
2019-12-12,5.981,6.03,5.962,5.99,26682200
2019-12-13,5.989,6.02,5.95,5.996,45143600
2019-12-16,5.996,6.037,5.972,5.99,27883300
2019-12-17,5.984,6.024,5.96,5.996,22135200
2019-12-18,5.975,5.987,5.88,5.941,47170300
2019-12-19,5.95,5.985,5.843,5.905,24364600
2019-12-20,5.901,5.939,5.874,5.874,24732200
2019-12-23,5.877,5.906,5.849,5.904,21711800
2019-12-24,5.901,5.925,5.861,5.871,24229800
2019-12-25,5.862,5.89,5.835,5.859,21813800
2019-12-26,5.849,5.869,5.811,5.862,13733000
2019-12-27,5.871,5.888,5.854,5.888,13582800
2019-12-30,5.871,5.925,5.86,5.879,11845000
2020-01-03,5.888,5.917,5.87,5.917,3936200
2020-01-06,5.942,5.942,5.862,5.886,5131600
2020-01-08,5.878,5.92,5.864,5.907,7389000
2020-01-09,5.897,5.934,5.853,5.918,24994900
2020-01-10,5.908,5.938,5.866,5.901,32782000
2020-01-13,5.891,5.911,5.86,5.88,23236300
2020-01-14,5.88,5.908,5.78,5.849,27499900
2020-01-15,5.84,5.87,5.801,5.81,30542000
2020-01-16,5.815,5.909,5.795,5.887,46070100
2020-01-17,5.887,5.976,5.887,5.969,29973300
2020-01-20,5.969,6.03,5.949,6.018,23621500
2020-01-21,6.018,6.018,5.893,5.973,33368700
2020-01-22,5.98,5.993,5.871,5.915,29389600
2020-01-23,5.933,5.933,5.773,5.844,31653700
2020-01-24,5.854,5.939,5.829,5.848,35097500
2020-01-27,5.858,5.863,5.677,5.794,43271300
2020-01-28,5.794,5.865,5.774,5.828,27594600
2020-01-29,5.814,5.906,5.801,5.846,40337300
2020-01-30,5.855,5.86,5.798,5.8,25566100
2020-01-31,5.799,5.897,5.741,5.778,46192300
2020-02-03,5.798,5.857,5.757,5.761,30806100
2020-02-04,5.763,5.85,5.751,5.822,28961200
2020-02-05,5.833,5.899,5.803,5.886,29667500
2020-02-06,5.894,5.939,5.841,5.86,31805500
2020-02-07,5.843,5.879,5.78,5.818,32840200
2020-02-10,5.83,5.852,5.707,5.722,55272300
2020-02-11,5.731,5.805,5.723,5.805,41746400
2020-02-12,5.806,5.854,5.792,5.831,27562100
2020-02-13,5.83,5.84,5.783,5.799,23338200
2020-02-14,5.803,5.827,5.718,5.8,43228400
2020-02-17,5.801,5.834,5.786,5.834,25077000
2020-02-18,5.84,5.841,5.754,5.81,46971700
2020-02-19,5.805,5.913,5.801,5.895,39084900
2020-02-20,5.898,5.955,5.894,5.922,24374800
2020-02-21,5.918,5.94,5.875,5.91,24254000
2020-02-25,5.906,5.909,5.733,5.733,36902100
2020-02-26,5.739,5.775,5.664,5.747,33705600
2020-02-27,5.743,5.752,5.595,5.635,39083200
2020-02-28,5.599,5.65,5.483,5.65,52904800
2020-03-02,5.647,5.82,5.53,5.631,55544100
2020-03-03,5.643,5.785,5.601,5.734,49500900
2020-03-04,5.655,5.77,5.65,5.758,35077400
2020-03-05,5.781,5.796,5.704,5.712,42280700
2020-03-06,5.705,5.705,5.527,5.576,38615600
2020-03-10,5.55,5.55,5.129,5.39,73884400
2020-03-11,5.402,5.501,5.312,5.361,40250300
2020-03-12,5.332,5.332,5.091,5.135,51020100
2020-03-13,5.132,5.424,5.132,5.233,55292600
2020-03-16,5.38,5.38,5.005,5.132,41577400
2020-03-17,5.139,5.195,5.049,5.072,51800700
2020-03-18,5.072,5.072,4.856,4.922,37469800
2020-03-19,4.929,5.296,4.929,5.203,60281700
2020-03-20,5.25,5.475,5.147,5.43,73558700
2020-03-23,5.423,5.424,5.174,5.267,59091600
2020-03-24,5.306,5.578,5.306,5.5,62436100
2020-03-25,5.55,5.789,5.302,5.425,102827200
2020-03-26,5.435,5.498,5.307,5.421,73460700
2020-03-27,5.421,5.436,5.242,5.266,79982400
2020-03-30,5.258,5.341,5.13,5.336,56839300
2020-03-31,5.373,5.505,5.344,5.495,55161600
2020-04-01,5.41,5.444,5.374,5.402,53638200
2020-04-02,5.515,5.559,5.307,5.465,60756100
2020-04-03,5.461,5.483,5.404,5.433,45954100
2020-04-06,5.462,5.672,5.437,5.551,66417800
2020-04-07,5.578,5.81,5.55,5.633,59609100
2020-04-08,5.625,5.685,5.541,5.63,49538000
2020-04-09,5.699,5.785,5.63,5.689,49407000
2020-04-10,5.682,5.699,5.608,5.639,32002800
2020-04-13,5.643,5.653,5.49,5.535,51883100
2020-04-14,5.552,5.623,5.525,5.525,52308200
2020-04-15,5.526,5.547,5.27,5.289,79176900
2020-04-16,5.291,5.385,5.257,5.315,73208300
2020-04-17,5.334,5.373,5.308,5.335,48035800
2020-04-20,5.295,5.363,5.251,5.313,47328500
2020-04-21,5.291,5.301,5.131,5.206,62426700
2020-04-22,5.194,5.325,5.19,5.273,105060600
2020-04-23,5.285,5.346,5.185,5.31,77574300
2020-04-24,5.307,5.318,5.227,5.235,65446300
2020-04-27,5.24,5.289,5.222,5.273,52120800
2020-04-28,5.273,5.393,5.261,5.302,89105700
2020-04-29,5.311,5.424,5.29,5.355,90315700
2020-04-30,5.368,5.46,5.318,5.45,93045400
2020-05-04,5.399,5.455,5.326,5.397,83904100
2020-05-05,5.411,5.476,5.39,5.412,45421400
2020-05-06,5.412,5.469,5.373,5.373,62027800
2020-05-07,5.376,5.42,5.353,5.387,70324900
2020-05-08,5.391,5.465,5.373,5.391,74689800
2020-05-12,5.394,5.429,5.354,5.404,65496100
2020-05-13,5.399,5.408,5.305,5.33,65694700
2020-05-14,5.336,5.382,5.278,5.278,63626900
2020-05-15,5.292,5.346,5.275,5.288,87300200
2020-05-18,5.295,5.408,5.294,5.395,49758000
2020-05-19,5.404,5.442,5.377,5.401,61732500
2020-05-20,5.401,5.497,5.388,5.477,50837100
2020-05-21,5.47,5.527,5.349,5.349,32888000
2020-05-22,5.34,5.364,5.29,5.342,40001300
2020-05-25,5.348,5.389,5.335,5.363,32607900
2020-05-26,5.374,5.409,5.345,5.345,32878700
2020-05-27,5.346,5.363,5.29,5.296,55872300
2020-05-28,5.302,5.357,5.291,5.348,20884000
2020-05-29,5.34,5.415,5.237,5.415,112706400
2020-06-01,5.407,5.461,5.378,5.424,44471900
2020-06-02,5.424,5.48,5.413,5.47,40823800
2020-06-03,5.483,5.526,5.455,5.507,45233600
2020-06-04,5.515,5.519,5.462,5.474,51957900
2020-06-05,5.471,5.522,5.45,5.491,68745500
2020-06-08,5.495,5.54,5.475,5.484,41142000
2020-06-09,5.49,5.512,5.424,5.505,58114700
2020-06-10,5.51,5.529,5.458,5.51,40913200
2020-06-11,5.511,5.518,5.406,5.442,47373500
2020-06-15,5.422,5.442,5.341,5.371,57990500
2020-06-16,5.382,5.436,5.375,5.412,52867300
2020-06-17,5.412,5.475,5.412,5.475,46824400
2020-06-18,5.44,5.506,5.431,5.5,59919200
2020-06-19,5.51,5.562,5.489,5.505,50250100
2020-06-22,5.505,5.587,5.481,5.567,43296300
2020-06-23,5.569,5.619,5.556,5.599,50426400
2020-06-25,5.588,5.664,5.509,5.536,57471000
2020-06-26,5.552,5.622,5.519,5.542,70355500
2020-06-29,5.549,5.581,5.502,5.581,43791200
2020-06-30,5.588,5.649,5.555,5.579,68790100
2020-07-02,5.585,5.636,5.58,5.629,42805600
2020-07-03,5.627,5.675,5.616,5.642,47395300
2020-07-06,5.647,5.702,5.622,5.702,84076600
2020-07-07,5.551,5.742,5.551,5.658,48600400
2020-07-08,5.668,5.699,5.614,5.62,41082400
2020-07-09,5.627,5.657,5.554,5.6,71071900
2020-07-10,5.59,5.638,5.581,5.608,47259400
2020-07-13,5.615,5.681,5.581,5.651,49872500
2020-07-14,5.621,5.667,5.525,5.582,37667300
2020-07-15,5.59,5.627,5.56,5.627,43632700
2020-07-16,5.632,5.657,5.583,5.642,45957000
2020-07-17,5.63,5.677,5.613,5.675,48528000
2020-07-20,5.677,5.705,5.64,5.693,51345200
2020-07-21,5.698,5.745,5.652,5.74,89484300
2020-07-22,5.736,5.777,5.68,5.765,55502400
2020-07-23,5.766,5.828,5.766,5.775,42294400
2020-07-24,5.775,5.798,5.729,5.79,44319300
2020-07-27,5.83,5.861,5.767,5.824,47111600
2020-07-28,5.836,5.899,5.819,5.899,61851500
2020-07-29,5.895,5.933,5.837,5.921,54830300
2020-07-30,5.918,5.925,5.822,5.876,55457800
2020-07-31,5.881,5.944,5.855,5.944,64405300
2020-08-03,5.945,5.996,5.901,5.97,49552300
2020-08-04,5.965,6.01,5.959,5.991,43650000
2020-08-05,5.999,6.006,5.922,5.937,64230300
2020-08-06,5.912,5.974,5.9,5.93,46303800
2020-08-07,5.93,5.949,5.831,5.905,49580500
2020-08-10,5.904,5.948,5.874,5.89,47368500
2020-08-11,5.885,5.943,5.885,5.93,42609900
2020-08-12,5.94,5.975,5.886,5.973,46465300
2020-08-13,5.961,5.977,5.9,5.962,58911400
2020-08-14,5.969,5.969,5.88,5.929,48021400
2020-08-17,5.937,5.971,5.84,5.92,60738800
2020-08-18,5.921,5.995,5.887,5.955,56702300
2020-08-19,5.955,5.994,5.93,5.958,41473200
2020-08-20,5.963,5.963,5.854,5.884,46321100
2020-08-21,5.896,5.915,5.87,5.888,51780700
2020-08-24,5.89,5.938,5.89,5.912,44450200
2020-08-25,5.909,5.934,5.741,5.887,94960600
2020-08-26,5.887,5.922,5.863,5.91,44406600
2020-08-27,5.911,5.935,5.855,5.913,52942600
2020-08-28,5.904,5.932,5.87,5.882,43072400
2020-08-31,5.884,6.132,5.85,5.862,59209200
2020-09-01,5.898,6.0,5.803,5.908,70412900
2020-09-02,5.906,5.927,5.857,5.872,57016100
2020-09-03,5.868,5.912,5.789,5.826,47341900
2020-09-04,5.83,5.844,5.773,5.824,53929600
2020-09-07,5.8,5.879,5.8,5.84,54631000
2020-09-08,5.855,5.862,5.74,5.819,39260900
2020-09-09,5.835,5.839,5.762,5.803,44522300
2020-09-10,5.804,5.821,5.715,5.742,63944500
2020-09-11,5.777,5.878,5.743,5.831,68914300
2020-09-14,5.831,5.87,5.812,5.849,45851900
2020-09-15,5.855,5.897,5.841,5.872,45651200
2020-09-16,5.882,5.885,5.82,5.83,43978900
2020-09-17,5.835,5.904,5.774,5.9,49967400
2020-09-18,5.901,5.907,5.459,5.832,58298200
2020-09-21,5.836,5.836,5.639,5.663,75613500
2020-09-22,5.683,5.735,5.668,5.69,56658600
2020-09-23,5.689,5.781,5.686,5.725,46640400
2020-09-24,5.738,5.773,5.692,5.736,68604500
2020-09-25,5.738,5.749,5.659,5.716,43813000
2020-09-28,5.716,5.816,5.716,5.808,51975700
2020-09-29,5.807,5.846,5.762,5.845,48461400
2020-09-30,5.837,5.864,5.791,5.853,64475300
2020-10-01,5.855,5.869,5.795,5.814,61515000
2020-10-02,5.819,5.819,5.616,5.743,50333400
2020-10-05,5.747,5.786,5.735,5.763,45996700
2020-10-06,5.76,5.813,5.749,5.777,77228000
2020-10-07,5.776,5.79,5.672,5.681,71255000
2020-10-08,5.695,5.719,5.668,5.685,42458200
2020-10-09,5.678,5.692,5.625,5.664,41843400
2020-10-12,5.669,5.708,5.658,5.671,56389500
2020-10-13,5.685,5.715,5.64,5.641,60183100
2020-10-14,5.642,5.689,5.626,5.626,53128100
2020-10-15,5.63,5.642,5.543,5.555,60545800
2020-10-16,5.566,5.566,5.503,5.529,48948800
2020-10-19,5.526,5.608,5.509,5.533,60326900
2020-10-20,5.542,5.59,5.5,5.561,63033800
2020-10-21,5.559,5.585,5.526,5.537,53772100
2020-10-22,5.547,5.579,5.538,5.555,51444000
2020-10-23,5.563,5.631,5.544,5.609,67871700
2020-10-26,5.609,5.61,5.55,5.581,49789100
2020-10-27,5.578,5.602,5.534,5.546,46890800
2020-10-28,5.54,5.545,5.411,5.47,71687000
2020-10-29,5.469,5.525,5.462,5.511,66975900
2020-10-30,5.502,5.504,5.439,5.442,57870300
2020-11-02,5.45,5.525,5.422,5.493,53804100
2020-11-03,5.504,5.562,5.493,5.551,47753100
2020-11-05,5.558,5.639,5.558,5.616,58224000
2020-11-06,5.617,5.654,5.571,5.65,47900400
2020-11-09,5.658,5.752,5.651,5.736,52073000
2020-11-10,5.741,5.755,5.681,5.754,55047700
2020-11-11,5.748,5.797,5.724,5.745,51457500
2020-11-12,5.735,5.748,5.698,5.706,58528300
2020-11-13,5.711,5.719,5.641,5.653,73236100
2020-11-16,5.659,5.727,5.658,5.702,46411300
2020-11-17,5.697,5.703,5.607,5.661,68375500
2020-11-18,5.661,5.807,5.631,5.777,92636900
2020-11-19,5.772,5.809,5.704,5.75,54068700
2020-11-20,5.771,5.783,5.718,5.755,54943700
2020-11-23,5.76,5.865,5.751,5.765,50279400
2020-11-24,5.781,5.922,5.776,5.913,54392400
2020-11-25,5.915,5.998,5.889,5.995,53437300
2020-11-26,5.998,6.02,5.956,5.993,43207600
2020-11-27,5.997,6.027,5.949,6.01,63008900
2020-11-30,6.003,6.01,5.955,5.975,52107100
2020-12-01,5.98,6.064,5.98,6.052,60983700
2020-12-02,6.048,6.151,6.032,6.134,54500300
2020-12-03,6.138,6.14,6.082,6.106,61930000
2020-12-04,6.109,6.196,6.109,6.178,50226300
2020-12-07,6.178,6.227,6.157,6.184,65502300
2020-12-08,6.184,6.2,6.123,6.179,56394700
2020-12-09,6.174,6.233,6.096,6.126,82892300
2020-12-10,6.122,6.141,6.077,6.126,65344700
2020-12-11,6.143,6.164,6.027,6.035,69045200
2020-12-14,6.04,6.062,5.979,5.985,50341900
2020-12-15,5.986,6.04,5.936,5.945,61680900
2020-12-16,5.954,6.018,5.94,6.014,55433500
2020-12-17,6.018,6.084,5.858,6.067,66073600
2020-12-18,6.083,6.145,6.02,6.033,59543000
2020-12-21,6.045,6.049,5.912,5.945,58071700
2020-12-22,5.949,6.067,5.929,6.06,50212400
2020-12-23,5.969,6.1,5.969,6.055,53380800
2020-12-24,6.047,6.075,6.001,6.015,44607200
2020-12-25,6.021,6.131,6.01,6.109,43835800
2020-12-28,6.079,6.159,6.075,6.151,46306400
2020-12-29,6.149,6.167,6.131,6.145,40420100
2020-12-30,6.149,6.168,6.127,6.152,45428000
2021-01-04,6.149,6.219,6.142,6.195,35508300
2021-01-05,6.193,6.216,6.13,6.207,28721600
2021-01-06,6.218,6.218,6.171,6.207,28220900
2021-01-08,6.22,6.355,6.204,6.325,44307600
2021-01-11,6.327,6.434,6.287,6.381,44709500
2021-01-12,6.378,6.438,6.331,6.353,46201800
2021-01-13,6.36,6.395,6.308,6.351,45354700
2021-01-14,6.35,6.421,6.293,6.388,42784700
2021-01-15,6.389,6.408,6.343,6.373,44851900
2021-01-18,6.371,6.41,6.338,6.398,47232400
2021-01-19,6.407,6.444,6.351,6.365,40870600
2021-01-20,6.38,6.44,6.354,6.412,40741400
2021-01-21,6.4,6.444,6.308,6.345,56850000
2021-01-22,6.336,6.346,6.248,6.289,56928000
2021-01-25,6.293,6.359,6.293,6.348,43297400
2021-01-26,6.341,6.356,6.293,6.344,40575500
2021-01-27,6.35,6.383,6.254,6.274,54669200
2021-01-28,6.266,6.268,6.185,6.19,64597600
2021-01-29,6.188,6.208,6.095,6.155,79806700
2021-02-01,6.158,6.213,6.142,6.187,48683200
2021-02-02,6.198,6.28,6.196,6.28,84271700
2021-02-03,6.291,6.296,6.217,6.262,78207800
2021-02-04,6.267,6.337,6.258,6.327,43749900
2021-02-05,6.324,6.375,6.294,6.371,47918100
2021-02-08,6.373,6.472,6.373,6.436,41997800
2021-02-09,6.454,6.496,6.398,6.425,41388700
2021-02-10,6.434,6.469,6.384,6.425,56192700
2021-02-11,6.436,6.456,6.38,6.443,71615900
2021-02-12,6.438,6.438,6.372,6.411,73339800
2021-02-15,6.42,6.593,6.42,6.518,46349300
2021-02-16,6.51,6.553,6.487,6.534,55900100
2021-02-17,6.539,6.587,6.428,6.456,61784900
2021-02-18,6.475,6.508,6.391,6.394,64982600
2021-02-19,6.402,6.507,6.356,6.488,65532500
2021-02-20,6.508,6.521,6.434,6.478,47665600
2021-02-22,6.483,6.544,6.425,6.532,114013600
2021-02-24,6.52,6.754,6.488,6.725,111174500
2021-02-25,6.733,6.835,6.712,6.81,84068400
2021-02-26,6.795,6.797,6.67,6.694,65183100
2021-03-01,6.699,6.781,6.692,6.775,63733900
2021-03-02,6.753,6.89,6.752,6.875,63314300
2021-03-03,6.883,6.945,6.871,6.904,65717300
2021-03-04,6.912,6.912,6.824,6.875,74405000
2021-03-05,6.848,6.938,6.827,6.914,58830900
2021-03-09,6.921,7.002,6.875,6.975,44978400
2021-03-10,6.957,7.044,6.947,6.994,59695000
2021-03-11,6.989,7.0,6.917,6.949,52135500
2021-03-12,6.98,7.029,6.884,6.895,59803300
2021-03-15,6.901,6.923,6.882,6.891,53753800
2021-03-16,6.89,6.895,6.811,6.812,89503200
2021-03-17,6.819,6.86,6.693,6.725,92504800
2021-03-18,6.72,6.949,6.72,6.939,79522900
2021-03-19,6.92,7.12,6.792,7.082,373103500
2021-03-22,7.083,7.125,7.003,7.025,49310700
2021-03-23,7.025,7.047,6.963,6.986,95344600
2021-03-24,6.988,7.121,6.956,7.04,66678400
2021-03-25,7.045,7.149,7.04,7.05,148800900
2021-03-26,7.049,7.184,7.049,7.108,67307200
2021-03-29,7.107,7.205,7.081,7.19,135034600
2021-03-30,7.22,7.256,7.152,7.17,92208200
2021-03-31,7.194,7.2,7.101,7.117,72213000
2021-04-01,7.108,7.188,7.07,7.081,66841400
2021-04-02,7.086,7.149,7.047,7.12,62124800
2021-04-05,7.127,7.129,6.961,7.009,72009100
2021-04-06,7.013,7.027,6.867,6.873,74351100
2021-04-07,6.864,6.924,6.832,6.88,68580300
2021-04-08,6.88,6.987,6.88,6.911,101987200
2021-04-09,6.895,6.934,6.866,6.899,61437900
2021-04-12,6.892,7.025,6.873,6.99,65255100
2021-04-13,6.993,7.012,6.96,6.993,59764700
2021-04-14,7.01,7.117,6.986,7.117,43431700
2021-04-15,7.088,7.11,7.027,7.106,49080400
2021-04-16,7.108,7.185,7.082,7.171,47512500
2021-04-19,7.167,7.179,7.07,7.077,63137500
2021-04-20,7.087,7.116,6.99,6.995,54008600
2021-04-21,7.007,7.021,6.962,6.988,44328000
2021-04-22,6.989,7.026,6.97,6.975,47563600
2021-04-23,6.984,6.984,6.902,6.935,47406100
2021-04-26,6.938,6.99,6.929,6.945,38454300
2021-04-27,6.939,6.984,6.909,6.934,38428500
2021-04-28,6.92,6.937,6.837,6.845,40119500
2021-04-29,6.863,6.896,6.821,6.841,47686400
2021-04-30,6.835,6.848,6.78,6.799,39735200
2021-05-04,6.79,6.815,6.79,6.804,22856100
2021-05-05,6.811,6.842,6.773,6.825,42573300
2021-05-06,6.72,6.762,6.499,6.655,215071900
2021-05-07,6.657,6.78,6.635,6.772,55770300
2021-05-10,6.781,6.781,6.69,6.703,38913300
2021-05-11,6.618,6.673,6.504,6.63,67985300
2021-05-12,6.628,6.669,6.553,6.561,54882300
2021-05-13,6.561,6.561,6.379,6.424,124826800
2021-05-14,6.348,6.433,6.277,6.421,201588600
2021-05-17,6.402,6.475,6.36,6.47,40880800
2021-05-18,6.465,6.574,6.459,6.505,51683900
2021-05-19,6.499,6.508,6.375,6.465,52756900
2021-05-20,6.483,6.529,6.408,6.505,84087600
2021-05-21,6.52,6.578,6.491,6.52,81365500
2021-05-24,6.525,6.599,6.499,6.555,67711200
2021-05-25,6.56,6.6,6.486,6.594,89190300
2021-05-26,6.594,6.673,6.594,6.656,114013500
2021-05-27,6.635,6.722,6.608,6.7,193690900
2021-05-28,6.65,6.706,6.642,6.67,62982600
2021-05-31,6.677,6.687,6.61,6.63,92046900
2021-06-01,6.83,6.85,6.675,6.71,70029800
2021-06-02,6.729,6.74,6.673,6.684,65077500
2021-06-03,6.693,6.702,6.601,6.653,74692800
2021-06-04,6.649,6.67,6.581,6.665,87331500
2021-06-07,6.663,6.711,6.635,6.701,77794300
2021-06-08,6.711,6.712,6.551,6.585,192341700
2021-06-09,6.605,6.61,6.529,6.553,159228600
2021-06-10,6.554,6.599,6.451,6.525,120267900
2021-06-11,6.539,6.586,6.5,6.559,51088300
2021-06-14,6.564,6.596,6.519,6.596,50730800
2021-06-15,6.587,6.587,6.508,6.519,60595100
2021-06-16,6.52,6.55,6.449,6.525,103822500
2021-06-17,6.51,6.518,6.469,6.499,61612800
2021-06-18,6.495,6.495,6.381,6.426,105008700
2021-06-21,6.424,6.435,6.355,6.425,109801000
2021-06-22,6.447,6.49,6.414,6.486,57784500
2021-06-23,6.492,6.538,6.478,6.49,59436400
2021-06-24,6.49,6.498,6.416,6.439,79222300
2021-06-25,6.445,6.505,6.394,6.467,53802500
2021-06-28,6.458,6.511,6.424,6.499,60497200
2021-06-29,6.481,6.505,6.419,6.449,52190100
2021-06-30,6.482,6.524,6.419,6.513,71674500
2021-07-01,6.518,6.586,6.49,6.558,60114600
2021-07-02,6.558,6.603,6.529,6.569,60293300
2021-07-05,6.54,6.631,6.533,6.606,56626100
2021-07-06,6.603,6.7,6.582,6.6,70655100
2021-07-07,6.621,6.673,6.558,6.611,66248100
2021-07-08,6.606,6.612,6.51,6.589,67117700
2021-07-09,6.588,6.66,6.558,6.616,69851100
2021-07-12,6.611,6.677,6.585,6.652,55183700
2021-07-13,6.653,6.713,6.612,6.62,64384500
2021-07-14,6.621,6.64,6.506,6.534,81945300
2021-07-15,6.525,6.531,6.439,6.516,54811200
2021-07-16,6.468,6.551,6.448,6.486,69938500
2021-07-19,6.48,6.484,6.384,6.426,84462300
2021-07-20,6.432,6.522,6.423,6.479,82559500
2021-07-21,6.498,6.555,6.453,6.512,89507400
2021-07-22,6.527,6.633,6.476,6.617,116955300
2021-07-23,6.627,6.662,6.557,6.655,55504100
2021-07-26,6.655,6.675,6.606,6.67,83344400
2021-07-27,6.647,6.738,6.629,6.637,76519900
2021-07-28,6.639,6.695,6.618,6.655,71157000
2021-07-29,6.655,6.726,6.647,6.666,56775700
2021-07-30,6.671,6.674,6.545,6.572,81504100
2021-08-02,6.6,6.651,6.51,6.603,53463500
2021-08-03,6.617,6.671,6.569,6.669,54428800
2021-08-04,6.659,6.717,6.62,6.694,85045800
2021-08-05,6.685,6.8,6.667,6.75,72190200
2021-08-06,6.75,6.753,6.672,6.69,76898800
2021-08-09,6.696,6.763,6.675,6.731,57157600
2021-08-10,6.734,6.8,6.728,6.798,74210500
2021-08-11,6.8,6.855,6.772,6.819,71707900
2021-08-12,6.836,6.897,6.836,6.86,81328700
2021-08-13,6.861,6.873,6.803,6.855,68679800
2021-08-16,6.849,6.885,6.832,6.883,61943300
2021-08-17,6.875,6.935,6.874,6.889,76164100
2021-08-18,6.897,6.897,6.816,6.853,65626200
2021-08-19,6.845,6.845,6.702,6.767,51679000
2021-08-20,6.768,6.772,6.698,6.734,50763200
2021-08-23,6.743,6.903,6.737,6.864,58037000
2021-08-24,6.912,6.912,6.806,6.874,70542800
2021-08-25,6.868,6.928,6.839,6.859,68953600
2021-08-26,6.851,6.859,6.778,6.8,81525800
2021-08-27,6.803,6.858,6.782,6.854,47917500
2021-08-30,6.855,6.932,6.806,6.821,62821600
2021-08-31,6.859,6.966,6.837,6.936,73480500
2021-09-01,6.938,7.042,6.931,7.04,67375300
2021-09-02,7.049,7.12,7.025,7.044,65589300
2021-09-03,7.074,7.074,6.981,7.026,51670700
2021-09-06,7.026,7.095,7.003,7.061,93272700
2021-09-07,7.082,7.134,7.028,7.028,83097100
2021-09-08,7.03,7.097,6.984,7.036,63398200
2021-09-09,7.059,7.059,6.958,7.036,83544700
2021-09-10,7.053,7.087,6.986,7.026,62433100
2021-09-13,7.022,7.106,7.009,7.104,71473900
2021-09-14,7.105,7.14,7.042,7.134,80474900
2021-09-15,7.139,7.179,7.116,7.158,68280900
2021-09-16,7.16,7.18,7.084,7.112,75152200
2021-09-17,7.119,7.161,7.066,7.138,138481600
2021-09-20,7.081,7.136,7.023,7.038,85245000
2021-09-21,7.067,7.103,7.034,7.06,65135500
2021-09-22,7.064,7.132,7.049,7.074,112352600
2021-09-23,7.083,7.15,7.076,7.126,84935300
2021-09-24,7.125,7.131,7.049,7.099,103222700
2021-09-27,7.109,7.195,7.108,7.186,89382100
2021-09-28,7.198,7.242,7.181,7.201,51736800
2021-09-29,7.197,7.204,7.098,7.118,86049600
2021-09-30,7.12,7.201,7.108,7.175,74851600
2021-10-01,7.17,7.17,7.082,7.165,63493900
2021-10-04,7.165,7.241,7.155,7.191,76711100
2021-10-05,7.209,7.231,7.138,7.225,76113400
2021-10-06,7.234,7.256,7.138,7.154,67259400
2021-10-07,7.158,7.203,7.144,7.196,91489700
2021-10-08,7.194,7.229,7.15,7.211,56466800
2021-10-11,7.236,7.28,7.21,7.232,70973900
2021-10-12,7.235,7.267,7.161,7.249,95465100
2021-10-13,7.264,7.264,7.127,7.206,69519600
2021-10-14,7.214,7.272,7.214,7.231,58177600
2021-10-15,7.23,7.273,7.172,7.179,67982100
2021-10-18,7.187,7.196,7.116,7.153,76819200
2021-10-19,7.174,7.208,7.142,7.19,111234800
2021-10-20,7.198,7.228,7.156,7.201,124117500
2021-10-21,7.191,7.25,7.092,7.106,124261100
2021-10-22,7.115,7.181,7.043,7.08,104579700
2021-10-25,7.11,7.129,7.02,7.105,129578600
2021-10-26,7.115,7.208,7.073,7.198,71055700
2021-10-27,7.2,7.25,7.181,7.23,81033600
2021-10-28,7.226,7.235,7.147,7.191,74084100
2021-10-29,7.19,7.196,7.11,7.159,99630400
2021-11-01,7.155,7.318,7.153,7.293,69855100
2021-11-02,7.299,7.336,7.206,7.32,87791300
2021-11-03,7.312,7.312,7.222,7.3,56754600
2021-11-05,7.302,7.353,7.246,7.306,58860300
2021-11-08,7.319,7.401,7.305,7.322,77371900
2021-11-09,7.323,7.36,7.231,7.243,96018000
2021-11-10,7.245,7.254,7.157,7.172,57157000
2021-11-11,7.164,7.21,7.075,7.169,75021200
2021-11-12,7.173,7.173,6.944,7.049,66367400
2021-11-15,7.049,7.118,7.011,7.034,66325500
2021-11-16,7.05,7.055,6.937,6.958,68705600
2021-11-17,6.969,7.018,6.921,6.964,58546200
2021-11-18,6.99,7.045,6.936,6.936,54677800
2021-11-19,6.959,7.021,6.798,6.825,62883300
2021-11-22,6.823,6.834,6.6,6.636,65307400
2021-11-23,6.609,6.792,6.52,6.732,119481000
2021-11-24,6.753,6.835,6.718,6.749,106176700
2021-11-25,6.765,6.806,6.673,6.683,56066300
2021-11-26,6.614,6.629,6.484,6.596,78851500
2021-11-29,6.611,6.749,6.527,6.736,172758700
2021-11-30,6.698,6.755,6.622,6.73,67319100
2021-12-01,6.735,6.87,6.723,6.797,61564700
2021-12-02,6.809,6.811,6.555,6.739,124165000
2021-12-03,6.749,6.78,6.621,6.635,49244200
2021-12-06,6.8,6.8,6.472,6.489,60532400
2021-12-07,6.489,6.586,6.425,6.518,62677600
2021-12-08,6.549,6.572,6.415,6.438,63465000
2021-12-09,6.429,6.533,6.404,6.461,62058700
2021-12-10,6.477,6.483,6.401,6.45,71082000
2021-12-13,6.45,6.468,6.27,6.284,84848800
2021-12-14,6.281,6.342,6.177,6.237,97677300
2021-12-15,6.254,6.288,6.195,6.23,75806800
2021-12-16,6.225,6.516,6.209,6.489,128729900
2021-12-17,6.514,6.515,6.415,6.477,60363000
2021-12-20,6.476,6.476,6.301,6.416,70948700
2021-12-21,6.427,6.54,6.409,6.488,91004100
2021-12-22,6.495,6.706,6.495,6.599,69151400
2021-12-23,6.616,6.625,6.511,6.599,68675100
2021-12-24,6.62,6.65,6.548,6.556,49666900
2021-12-27,6.565,6.664,6.549,6.657,46526400
2021-12-28,6.664,6.846,6.64,6.831,76791100
2021-12-29,6.843,6.87,6.779,6.812,64114300
2021-12-30,6.813,6.881,6.77,6.852,36433600
2022-01-03,6.901,7.056,6.73,7.041,31733800
2022-01-04,7.038,7.234,7.038,7.102,48988200
2022-01-05,7.104,7.167,7.013,7.036,43209700
2022-01-06,7.033,7.033,6.85,6.99,42219400
2022-01-10,7.003,7.13,6.962,6.98,77923200
2022-01-11,6.951,7.154,6.951,7.126,51804500
2022-01-12,7.116,7.296,7.116,7.265,72628100
2022-01-13,7.261,7.274,7.109,7.129,102204400
2022-01-14,7.127,7.27,6.845,7.01,187097700
2022-01-17,7.007,7.091,6.802,6.951,99838800
2022-01-18,6.938,6.977,6.499,6.557,211840700
2022-01-19,6.551,6.903,6.455,6.896,188258800
2022-01-20,6.892,7.107,6.839,7.063,129176300
2022-01-21,7.053,7.087,6.833,7.027,178046500
2022-01-24,7.026,7.044,6.57,6.706,164169300
2022-01-25,6.714,6.865,6.656,6.73,156951200
2022-01-26,6.735,6.95,6.637,6.829,262272100
2022-01-27,6.826,7.116,6.721,7.083,244258500
2022-01-28,7.078,7.308,7.056,7.192,163823200
2022-01-31,7.18,7.456,7.15,7.203,210191400
2022-02-01,7.232,7.29,7.102,7.13,89762500
2022-02-02,7.194,7.199,6.953,6.968,89947100
2022-02-03,6.955,6.968,6.812,6.854,77322700
2022-02-04,6.863,6.969,6.827,6.869,64758400
2022-02-07,6.936,6.939,6.767,6.805,75962100
2022-02-08,6.8,6.942,6.752,6.915,74312600
2022-02-09,6.923,7.016,6.889,6.935,54378600
2022-02-10,6.946,6.975,6.837,6.88,58433400
2022-02-11,6.89,6.891,6.69,6.719,61506400
2022-02-14,6.708,6.752,6.553,6.617,80306000
2022-02-15,6.618,6.81,6.605,6.752,84003400
2022-02-16,6.759,6.857,6.723,6.783,59501000
2022-02-17,6.813,6.813,6.676,6.732,53936100
2022-02-18,6.79,6.803,6.468,6.487,106891700
2022-02-21,6.496,6.563,5.768,5.79,246965600
2022-02-22,5.791,5.823,5.501,5.686,160593100
2022-02-24,5.24,5.8,4.765,5.077,91084000
2022-02-25,5.096,5.508,5.089,5.17,70428500
2022-03-24,5.1,5.663,5.1,5.534,33721900
2022-03-25,5.544,5.599,5.31,5.397,26618300
2022-03-28,5.397,5.43,5.05,5.309,33294700
2022-03-29,5.251,5.516,5.251,5.509,40073200
2022-03-30,5.52,5.737,5.5,5.616,31054300
2022-03-31,5.8,6.045,5.601,5.768,46756400
2022-04-01,5.75,5.943,5.75,5.83,52185900
2022-04-04,5.837,5.92,5.752,5.844,52051400
2022-04-05,5.854,5.89,5.608,5.609,61908400
2022-04-06,5.608,5.664,5.5,5.598,45011300
2022-04-07,5.598,5.685,5.594,5.63,57795000
2022-04-08,5.639,5.684,5.444,5.469,50248700
2022-04-11,5.481,5.541,5.354,5.359,55281000
2022-04-12,5.361,5.443,5.149,5.287,64761400
2022-04-13,5.295,5.335,5.229,5.24,42694300
2022-04-14,5.245,5.271,5.089,5.099,62844800
2022-04-15,5.099,5.154,5.033,5.139,61329100
2022-04-18,5.148,5.187,5.0,5.114,35048000
2022-04-19,5.12,5.132,4.953,4.962,68155200
2022-04-20,4.97,5.097,4.859,4.92,48823800
2022-04-21,4.92,4.966,4.814,4.849,79172200
2022-04-22,4.849,4.899,4.727,4.763,36610100
2022-04-25,4.763,4.772,4.627,4.634,44659700
2022-04-26,4.645,5.338,4.633,5.099,100184200
2022-04-27,5.101,5.481,5.004,5.48,83517800
2022-04-28,5.482,5.726,5.362,5.392,43985100
2022-04-29,5.403,5.577,5.384,5.577,64699600
2022-05-04,5.583,5.618,5.363,5.47,49829800
2022-05-05,5.472,5.579,5.472,5.504,45373200
2022-05-06,5.498,5.517,5.371,5.461,80529400
2022-05-11,5.457,5.504,5.417,5.499,51939600
2022-05-12,5.5,5.511,5.36,5.46,71374200
2022-05-13,5.457,5.542,5.434,5.526,36109000
2022-05-16,5.526,5.724,5.523,5.646,55222700
2022-05-17,5.651,5.781,5.643,5.758,38166500
2022-05-18,5.759,5.918,5.759,5.825,62945200
2022-05-19,5.824,5.835,5.732,5.762,55589700
2022-05-20,5.771,5.799,5.592,5.596,37772600
2022-05-23,5.597,5.627,5.43,5.493,45261900
2022-05-24,5.504,5.517,5.393,5.431,46846100
2022-05-25,5.437,5.547,5.348,5.509,41359700
2022-05-26,5.524,5.684,5.466,5.576,52910900
2022-05-27,5.591,5.669,5.538,5.557,33250100
2022-05-30,5.567,5.652,5.466,5.599,36250100
2022-05-31,5.599,5.639,5.434,5.569,89979900
2022-06-01,5.566,5.715,5.539,5.602,44829100
2022-06-02,5.607,5.666,5.471,5.532,92260700
2022-06-03,5.531,5.558,5.397,5.461,56111400
2022-06-06,5.461,5.492,5.323,5.442,80705400
2022-06-07,5.439,5.475,5.37,5.433,58830400
2022-06-08,5.471,5.508,5.061,5.26,162557200
2022-06-09,5.257,5.309,5.135,5.175,41844500
2022-06-10,5.172,5.235,5.089,5.16,37630400
2022-06-14,5.158,5.198,5.094,5.144,29347000
2022-06-15,5.145,5.233,5.125,5.186,51445300
2022-06-16,5.187,5.35,5.181,5.289,76162600
2022-06-17,5.283,5.357,5.205,5.249,60116700
2022-06-20,5.248,5.388,5.221,5.38,46648600
2022-06-21,5.379,5.444,5.267,5.289,46542000
2022-06-22,5.289,5.338,5.154,5.314,77945800
2022-06-23,5.325,5.384,5.266,5.365,32678500
2022-06-24,5.361,5.392,5.264,5.264,55612700
2022-06-27,5.264,5.352,5.253,5.299,46906100
2022-06-28,5.308,5.313,5.143,5.171,75596500
2022-06-29,5.173,5.188,5.074,5.125,32229100
2022-06-30,5.131,5.164,4.813,4.987,75242300
2022-07-01,4.984,5.093,4.932,5.037,70851700
2022-07-04,5.049,5.137,5.006,5.006,35773300
2022-07-05,5.015,5.073,5.004,5.03,44311400
2022-07-06,5.036,5.168,4.991,5.001,63586400
2022-07-07,5.013,5.054,4.926,4.936,52272600
2022-07-08,4.936,4.995,4.859,4.916,53052100
2022-07-11,4.922,4.925,4.78,4.789,46730000
2022-07-12,4.8,4.823,4.68,4.721,103609500
2022-07-13,4.721,4.742,4.567,4.575,73514800
2022-07-14,4.576,4.615,4.455,4.526,117475300
2022-07-15,4.53,4.612,4.487,4.601,34742000
2022-07-18,4.599,4.693,4.55,4.571,62160900
2022-07-19,4.582,4.582,4.45,4.54,78300900
2022-07-20,4.549,4.669,4.464,4.5,49066700
2022-07-21,4.504,4.528,4.384,4.47,97682300
2022-07-22,4.471,4.6,4.46,4.576,45281800
2022-07-25,4.58,4.699,4.538,4.675,54383000
2022-07-26,4.676,4.744,4.591,4.664,115626300
2022-07-27,4.745,4.832,4.611,4.643,58582900
2022-07-28,4.644,4.722,4.631,4.702,78724800
2022-07-29,4.699,4.905,4.661,4.896,76342200
2022-08-01,4.897,5.045,4.809,5.027,47305000
2022-08-02,5.022,5.025,4.93,4.975,36124200
2022-08-03,4.975,5.066,4.951,5.019,36477800
2022-08-04,5.015,5.049,4.939,4.979,60803800
2022-08-05,4.981,5.074,4.801,4.992,78938600
2022-08-08,5.015,5.398,4.988,5.09,66332100
2022-08-09,5.11,5.258,5.01,5.249,86376500
2022-08-10,5.297,5.346,5.219,5.269,30320800
2022-08-11,5.278,5.32,5.243,5.256,40839500
2022-08-12,5.262,5.335,5.221,5.323,51559700
2022-08-15,5.342,5.379,5.3,5.374,55528700
2022-08-16,5.38,5.55,5.363,5.539,37443900
2022-08-17,5.54,5.588,5.403,5.423,42375400
2022-08-18,5.42,5.49,5.363,5.428,70690600
2022-08-19,5.429,5.47,5.36,5.393,49313800
2022-08-22,5.387,5.51,5.341,5.506,54473200
2022-08-23,5.51,5.592,5.479,5.504,59609500
2022-08-24,5.499,5.582,5.385,5.401,53626200
2022-08-25,5.408,5.442,5.36,5.418,44525100
2022-08-26,5.425,5.447,5.32,5.447,56692900
2022-08-29,5.448,5.49,5.33,5.374,90543700
2022-08-30,5.376,5.56,5.376,5.51,77676000
2022-08-31,5.54,5.858,5.527,5.646,97715900
2022-09-01,5.65,5.756,5.551,5.591,57972700
2022-09-02,5.601,5.805,5.546,5.799,96084800
2022-09-05,5.799,5.887,5.764,5.811,67106600
2022-09-06,5.813,5.846,5.634,5.725,114977900
2022-09-07,5.723,5.953,5.717,5.9,107456200
2022-09-08,5.898,5.985,5.836,5.9,102083700
2022-09-09,5.95,6.039,5.914,6.011,83870400
2022-09-12,6.011,6.149,5.993,6.055,104166300
2022-09-13,6.057,6.098,6.03,6.059,32232700
2022-09-14,6.064,6.064,5.904,6.033,41168600
2022-09-15,6.038,6.056,5.935,5.956,77231700
2022-09-16,5.955,6.012,5.91,5.992,64192100
2022-09-19,5.986,6.159,5.957,6.135,95823000
2022-09-20,6.125,6.149,5.805,5.999,183130600
2022-09-21,5.974,6.0,5.7,5.959,100146300
2022-09-22,5.963,6.082,5.955,6.035,102640200
2022-09-23,6.043,6.043,5.685,5.916,209688900
2022-09-26,5.896,5.919,5.704,5.789,90959200
2022-09-27,5.799,5.896,5.765,5.881,78790900
2022-09-28,5.891,6.02,5.863,5.865,105969300
2022-09-29,5.875,5.988,5.78,5.862,78007700
2022-09-30,5.821,5.95,5.653,5.866,125883200
2022-10-03,5.876,6.076,5.874,6.076,82060700
2022-10-04,6.086,6.14,5.996,6.08,56688600
2022-10-05,6.07,6.09,5.812,6.015,94681300
2022-10-06,6.02,6.058,5.947,5.978,35720300
2022-10-07,5.97,5.971,5.725,5.735,78060800
2022-10-10,5.689,5.847,5.603,5.82,94729600
2022-10-11,5.83,5.896,5.75,5.865,52403500
2022-10-12,5.875,5.949,5.808,5.864,41436300
2022-10-13,5.855,5.995,5.802,5.967,48004600
2022-10-14,5.96,5.995,5.877,5.943,60139300
2022-10-17,5.933,6.09,5.933,6.045,43563800
2022-10-18,6.055,6.125,5.992,6.064,46380400
2022-10-19,6.045,6.103,5.802,6.016,100260900
2022-10-20,6.008,6.149,6.008,6.146,68766800
2022-10-21,6.156,6.192,6.052,6.177,65259300
2022-10-24,6.189,6.371,6.163,6.198,46168600
2022-10-25,6.208,6.35,6.182,6.314,26079300
2022-10-26,6.323,6.326,6.168,6.295,64546000
2022-10-27,6.32,6.379,6.288,6.359,58336000
2022-10-28,6.359,6.378,6.2,6.356,73904500
2022-10-31,6.356,6.384,6.32,6.343,30025900
2022-11-01,6.353,6.404,6.309,6.377,26264100
2022-11-02,6.377,6.428,6.315,6.364,32558000
2022-11-03,6.354,6.381,6.195,6.287,63106300
2022-11-07,6.31,6.4,6.301,6.396,42755800
2022-11-08,6.406,6.414,6.314,6.391,28743000
2022-11-09,6.381,6.387,6.223,6.245,34264600
2022-11-10,6.246,6.44,6.242,6.417,48599200
2022-11-11,6.427,6.469,6.394,6.422,32297300
2022-11-14,6.432,6.507,6.39,6.436,48691300
2022-11-15,6.437,6.457,6.138,6.269,86394700
2022-11-16,6.279,6.324,6.171,6.281,52370300
2022-11-17,6.281,6.328,6.19,6.241,48672700
2022-11-18,6.245,6.305,6.183,6.27,59916300
2022-11-21,6.26,6.26,6.152,6.201,79046900
2022-11-22,6.192,6.264,6.173,6.23,55384000
2022-11-23,6.22,6.296,6.22,6.272,36757900
2022-11-24,6.272,6.337,6.268,6.296,39085400
2022-11-25,6.289,6.306,6.2,6.26,47828800
2022-11-28,6.25,6.26,6.151,6.167,50398100
2022-11-29,6.177,6.2,6.16,6.182,22239300
2022-11-30,6.19,6.259,6.143,6.241,43098900
2022-12-01,6.243,6.306,6.218,6.306,37158400
2022-12-02,6.296,6.335,6.262,6.335,23980700
2022-12-05,6.335,6.419,6.291,6.396,37304200
2022-12-06,6.386,6.396,6.303,6.332,20725900
2022-12-07,6.335,6.339,6.22,6.316,33321800
2022-12-08,6.32,6.344,6.248,6.25,20036200
2022-12-09,6.26,6.263,6.2,6.205,18633000
2022-12-12,6.201,6.29,6.164,6.259,64717700
2022-12-13,6.241,6.301,6.229,6.255,33235200
2022-12-14,6.226,6.307,6.226,6.297,34109900
2022-12-15,6.252,6.359,6.239,6.329,92585500
2022-12-16,6.319,6.506,6.302,6.457,96743000
2022-12-19,6.44,6.479,6.382,6.437,43481600
2022-12-20,6.427,6.638,6.322,6.614,85071900
2022-12-21,6.615,6.78,6.505,6.592,56493600
2022-12-22,6.584,6.637,6.563,6.606,26409600
2022-12-23,6.606,6.647,6.566,6.641,29689500
2022-12-26,6.64,6.696,6.64,6.682,25250900
2022-12-27,6.692,6.734,6.656,6.701,28881400
2022-12-28,6.691,6.702,6.618,6.679,35752000
2022-12-29,6.669,6.706,6.655,6.67,25869300
2022-12-30,6.66,6.755,6.64,6.7,25458700
2023-01-03,6.707,6.821,6.665,6.798,22970300
2023-01-04,6.788,6.906,6.767,6.793,19748700
2023-01-05,6.803,6.816,6.758,6.784,18311700
2023-01-06,6.794,6.844,6.76,6.795,17741700
2023-01-09,6.8,6.86,6.799,6.837,21875000
2023-01-10,6.837,6.84,6.786,6.819,19118200
2023-01-11,6.81,7.06,6.8,7.016,39222300
2023-01-12,7.02,7.04,6.975,6.988,25815800
2023-01-13,6.998,7.072,6.941,7.052,31168000
2023-01-16,7.1,7.268,7.051,7.229,26807100
2023-01-17,7.229,7.299,7.141,7.226,44803000
2023-01-18,7.225,7.293,7.16,7.24,33476700
2023-01-19,7.23,7.248,7.131,7.17,34023100
2023-01-20,7.18,7.252,7.151,7.223,24673300
2023-01-23,7.233,7.349,7.173,7.341,26932200
2023-01-24,7.345,7.395,7.309,7.327,21206400
2023-01-25,7.32,7.38,7.261,7.335,21674100
2023-01-26,7.34,7.399,7.309,7.39,19688900
2023-01-27,7.38,7.438,7.364,7.433,21476600
2023-01-30,7.443,8.791,7.42,7.709,30733800
2023-01-31,7.699,7.78,7.562,7.611,40841000
2023-02-01,7.637,7.651,7.483,7.495,20490600
2023-02-02,7.505,7.648,7.468,7.583,20230800
2023-02-03,7.635,7.635,7.382,7.572,27473800
2023-02-06,7.612,7.654,7.522,7.65,29272800
2023-02-07,7.65,7.675,7.544,7.555,31533400
2023-02-08,7.545,7.595,7.45,7.471,26091200
2023-02-09,7.481,7.526,7.331,7.524,34359900
2023-02-10,7.534,7.589,7.451,7.568,26019100
2023-02-13,7.558,7.617,7.54,7.576,17488600
2023-02-14,7.586,7.586,7.376,7.469,38958600
2023-02-15,7.459,7.486,7.231,7.269,78690400
2023-02-16,7.259,7.336,7.194,7.217,37088400
2023-02-17,7.21,7.261,7.168,7.22,21559500
2023-02-20,7.215,7.26,7.029,7.22,94938100
2023-02-21,7.235,7.299,7.219,7.26,115610600
2023-02-22,7.27,7.27,7.146,7.148,51682900
2023-02-24,7.158,7.232,7.125,7.182,35335100
2023-02-27,7.169,7.257,7.1,7.24,40820100
2023-02-28,7.23,7.298,7.219,7.278,22144100
2023-03-01,7.288,7.343,7.278,7.306,27606800
2023-03-02,7.314,7.333,7.008,7.026,122968300
2023-03-03,7.036,7.046,7.008,7.027,43890400
2023-03-06,7.046,7.176,7.021,7.12,100267000
2023-03-07,7.11,7.155,7.031,7.116,65493200
2023-03-09,7.106,7.138,6.983,6.989,101015400
2023-03-10,6.97,6.979,6.85,6.911,164034800
2023-03-13,6.923,6.942,6.761,6.86,33586700
2023-03-14,6.86,6.978,6.81,6.964,86652400
2023-03-15,6.98,7.013,6.832,6.841,88221600
2023-03-16,6.85,6.859,6.699,6.859,78166000
2023-03-17,6.87,6.997,6.87,6.96,82764600
2023-03-20,6.976,7.118,6.959,7.044,116394900
2023-03-21,7.118,7.118,6.96,7.018,67883000
2023-03-22,7.028,7.08,6.889,6.922,254645900
2023-03-23,6.932,6.97,6.835,6.955,96179000
2023-03-24,6.94,7.085,6.936,7.036,106467500
2023-03-27,7.046,7.165,7.032,7.157,47997500
2023-03-28,7.167,7.48,7.139,7.408,105473300
2023-03-29,7.378,7.477,7.234,7.454,79572000
2023-03-30,7.454,7.5,7.37,7.441,56224200
2023-03-31,7.43,7.457,7.152,7.158,108546100
2023-04-03,7.198,7.258,7.171,7.18,41321000
2023-04-04,7.228,7.278,5.736,7.13,151615500
2023-04-05,7.162,7.163,6.992,6.994,84401400
2023-04-06,7.004,7.036,6.924,6.929,33671700
2023-04-07,6.93,6.949,6.926,6.933,15568600
2023-04-10,6.926,7.031,6.926,6.949,64942700
2023-04-11,6.971,6.977,6.759,6.766,82330200
2023-04-12,6.763,6.847,6.664,6.791,136012100
2023-04-13,6.791,6.842,6.7,6.793,54716100
2023-04-14,6.795,6.819,6.732,6.792,28376300
2023-04-17,6.85,7.045,6.798,6.931,45526200
2023-04-18,6.921,6.995,6.855,6.958,33787100
2023-04-19,6.975,7.229,6.917,7.05,51229300
2023-04-20,7.05,7.108,6.836,7.066,51560400
2023-04-21,7.06,7.1,6.98,7.06,47354500
2023-04-24,7.05,7.068,6.93,6.962,29840600
2023-04-25,6.965,6.974,6.9,6.934,19563800
2023-04-26,6.942,6.942,6.851,6.884,19366200
2023-04-27,6.884,6.926,6.873,6.906,25873100
2023-04-28,6.89,6.962,6.696,6.857,55159400
2023-05-02,6.847,6.898,6.565,6.813,83386400
2023-05-03,6.794,6.819,6.459,6.525,99870100
2023-05-04,6.522,6.603,6.51,6.58,34965000
2023-05-05,6.596,6.702,6.546,6.567,51058200
2023-05-08,6.55,6.631,6.349,6.382,55746800
2023-05-10,6.3,6.384,6.255,6.375,103579300
2023-05-11,6.384,6.568,6.377,6.473,64192200
2023-05-12,6.451,6.527,6.294,6.36,33655500
2023-05-15,6.417,6.468,6.356,6.464,60935500
2023-05-16,6.489,6.505,6.399,6.469,52027700
2023-05-17,6.49,6.589,6.431,6.498,45874100
2023-05-18,6.52,6.586,6.422,6.482,59118400
2023-05-19,6.491,6.515,6.373,6.456,32055100
2023-05-22,6.493,6.525,6.457,6.477,39874600
2023-05-23,6.48,6.496,6.371,6.471,43271500
2023-05-24,6.481,6.502,6.403,6.486,24289100
2023-05-25,6.5,6.5,6.355,6.36,53927500
2023-05-26,6.365,6.386,6.282,6.31,35310500
2023-05-29,6.32,6.354,6.301,6.309,28493300
2023-05-30,6.296,6.447,6.121,6.146,125242500
2023-05-31,6.155,6.169,6.015,6.024,93978100
2023-06-01,6.034,6.071,5.968,6.032,40670200
2023-06-02,6.072,6.158,6.021,6.076,107465000
2023-06-05,6.118,6.23,6.02,6.221,152854200
2023-06-06,6.151,6.275,6.061,6.155,99499900
2023-06-07,6.187,6.225,6.122,6.187,29584900
2023-06-08,6.166,6.24,6.151,6.238,28067500
2023-06-09,6.25,6.272,6.209,6.219,26553100
2023-06-13,6.25,6.29,6.211,6.268,29846700
2023-06-14,6.268,6.309,6.248,6.272,27003300
2023-06-15,6.252,6.29,6.2,6.275,41953800
2023-06-16,6.28,6.306,6.254,6.271,24724000
2023-06-19,6.27,6.4,6.227,6.396,65081700
2023-06-20,6.4,6.521,6.366,6.517,71119700
2023-06-21,6.527,6.625,6.441,6.621,50128900
2023-06-22,6.622,6.718,6.603,6.688,29741500
2023-06-23,6.675,6.706,6.551,6.613,72173000
2023-06-26,6.623,6.726,6.552,6.724,84848300
2023-06-27,6.714,6.807,6.674,6.733,52699300
2023-06-28,6.743,6.767,6.675,6.693,39000700
2023-06-29,6.703,6.777,6.654,6.713,18808800
2023-06-30,6.703,6.785,6.68,6.785,21584600
2023-07-03,6.795,6.82,6.715,6.776,30012300
2023-07-04,6.785,6.838,6.737,6.83,23216400
2023-07-05,6.84,6.875,6.801,6.848,23702600
2023-07-06,6.858,6.907,6.82,6.839,25372500
2023-07-07,6.849,6.857,6.792,6.821,16316700
2023-07-10,6.831,6.946,6.821,6.941,25302600
2023-07-11,6.949,7.033,6.902,6.994,26392100
2023-07-12,6.999,7.07,6.986,7.051,18691600
2023-07-13,7.06,7.081,6.975,7.024,19791400
2023-07-14,7.023,7.078,6.921,7.061,18429500
2023-07-17,6.99,7.155,6.966,7.14,23250300
2023-07-18,7.15,7.2,7.132,7.178,23230500
2023-07-19,7.198,7.198,7.118,7.126,21655400
2023-07-20,7.15,7.158,7.018,7.033,25274300
2023-07-21,7.033,7.095,6.973,7.018,29332400
2023-07-24,7.028,7.109,7.001,7.081,21016400
2023-07-25,7.087,7.3,7.082,7.176,53095700
2023-07-26,7.187,7.225,7.013,7.016,46188200
2023-07-27,7.058,7.128,7.0,7.089,41482200
2023-07-28,7.1,7.122,7.038,7.098,15315500
2023-07-31,7.115,7.269,7.096,7.256,25846800
2023-08-01,7.257,7.33,7.198,7.286,26847800
2023-08-02,7.339,7.339,7.171,7.263,30103900
2023-08-03,7.255,7.436,7.255,7.407,24992300
2023-08-04,7.42,7.571,7.21,7.238,68124800
2023-08-07,7.259,7.41,7.25,7.257,44357600
2023-08-08,7.26,7.262,7.081,7.206,36292100
2023-08-09,7.207,7.344,7.207,7.297,35090700
2023-08-10,7.307,7.453,7.302,7.429,29391700
2023-08-11,7.429,7.513,7.269,7.294,47173000
2023-08-14,7.304,7.385,7.092,7.098,64641400
2023-08-15,7.1,7.133,7.014,7.025,48918600
2023-08-16,7.035,7.035,6.71,6.876,80264700
2023-08-17,6.886,6.959,6.802,6.922,47038900
2023-08-18,6.93,7.045,6.9,7.02,57319800
2023-08-21,7.031,7.079,6.96,6.963,43862800
2023-08-22,6.973,6.973,6.887,6.903,25558500
2023-08-23,6.913,6.922,6.819,6.852,26405600
2023-08-24,6.842,6.9,6.806,6.88,29098700
2023-08-25,6.89,6.989,6.87,6.964,40583400
2023-08-28,6.97,7.036,6.968,7.025,20147500
2023-08-29,7.03,7.032,6.932,6.995,26171700
2023-08-30,6.995,7.05,6.985,7.041,21682300
2023-08-31,7.042,7.099,7.022,7.092,18202900
2023-09-01,7.082,7.102,7.029,7.059,23254500
2023-09-04,7.069,7.169,7.058,7.165,27264300
2023-09-05,7.165,7.198,7.12,7.138,25178300
2023-09-06,7.148,7.148,7.03,7.059,24457000
2023-09-07,7.06,7.091,6.874,6.9,32591000
2023-09-08,6.91,6.944,6.788,6.791,37495700
2023-09-11,6.793,6.834,6.685,6.697,46419400
2023-09-12,6.707,6.801,6.689,6.792,26350900
2023-09-13,6.79,6.857,6.779,6.813,37926700
2023-09-14,6.82,6.82,6.67,6.761,28151400
2023-09-15,6.751,6.868,6.748,6.814,29198700
2023-09-18,6.814,6.865,6.797,6.829,24676500
2023-09-19,6.833,6.897,6.765,6.859,45123300
2023-09-20,6.859,6.869,6.699,6.765,53022200
2023-09-21,6.753,6.771,6.699,6.72,23761500
2023-09-22,6.72,6.776,6.589,6.776,31874400
2023-09-25,6.786,6.847,6.743,6.82,26929900
2023-09-26,6.83,6.972,6.754,6.964,40094400
2023-09-27,6.962,7.065,6.945,6.951,50605300
2023-09-28,6.951,7.069,6.925,7.065,32802500
2023-09-29,7.075,7.185,6.995,7.04,66214600
2023-10-02,7.05,7.114,7.013,7.023,37726700
2023-10-03,7.023,7.037,6.954,7.022,23241900
2023-10-04,7.021,7.039,6.936,6.964,31165600
2023-10-05,6.964,7.04,6.902,6.921,36696200
2023-10-06,6.929,6.96,6.901,6.945,15497400
2023-10-09,7.004,7.038,6.948,6.996,24036300
2023-10-10,7.004,7.039,6.965,7.011,18618700
2023-10-11,7.001,7.097,6.992,7.041,38365800
2023-10-12,6.998,7.029,6.927,7.009,25253000
2023-10-13,7.019,7.038,6.956,7.019,18009200
2023-10-16,7.009,7.107,7.009,7.099,22417600
2023-10-17,7.109,7.271,7.093,7.266,75151400
2023-10-18,7.266,7.288,7.185,7.207,27836400
2023-10-19,7.184,7.24,7.144,7.217,15025900
2023-10-20,7.214,7.23,7.174,7.213,17187500
2023-10-23,7.223,7.385,7.205,7.338,27777600
2023-10-24,7.34,7.382,7.264,7.349,18829400
2023-10-25,7.343,7.353,7.249,7.269,28082900
2023-10-26,7.278,7.294,7.171,7.2,23798500
2023-10-27,7.2,7.22,7.137,7.203,25637100
2023-10-30,7.213,7.239,7.164,7.194,15084900
2023-10-31,7.184,7.233,7.096,7.193,25480200
2023-11-01,7.203,7.299,7.167,7.242,21985300
2023-11-02,7.234,7.269,7.194,7.198,15822700
2023-11-03,7.203,7.228,7.16,7.207,15361200
2023-11-06,7.197,7.316,7.185,7.312,24822100
2023-11-07,7.302,7.36,7.289,7.311,19205800
2023-11-08,7.301,7.333,7.278,7.312,17012200
2023-11-09,7.322,7.35,7.259,7.292,19146400
2023-11-10,7.308,7.39,7.27,7.376,28320800
2023-11-13,7.386,7.45,7.361,7.443,28207600
2023-11-14,7.45,7.453,7.329,7.341,27866500
2023-11-15,7.341,7.349,7.262,7.346,47100700
2023-11-16,7.346,7.356,7.304,7.325,15188500
2023-11-17,7.315,7.461,7.281,7.455,29425600
2023-11-20,7.464,7.5,7.411,7.448,32440100
2023-11-21,7.458,7.516,7.299,7.516,17870200
2023-11-22,7.497,7.678,7.476,7.665,49906600
2023-11-23,7.67,7.716,7.621,7.642,22665800
2023-11-24,7.65,7.722,7.641,7.665,23947000
2023-11-27,7.656,7.696,7.535,7.574,37027400
2023-11-28,7.572,7.7,7.481,7.671,51781000
2023-11-29,7.68,7.723,7.561,7.7,31257800
2023-11-30,7.679,7.8,7.66,7.767,90010400
2023-12-01,7.758,7.778,7.735,7.755,25460900
2023-12-04,7.755,7.87,7.61,7.736,56483900
2023-12-05,7.74,7.9,7.653,7.887,40164000
2023-12-06,7.888,7.907,7.611,7.78,102451800
2023-12-07,7.751,7.935,7.631,7.877,37024700
2023-12-08,7.877,7.878,7.66,7.714,61814100
2023-12-11,7.724,7.724,7.3,7.367,74545800
2023-12-12,7.357,7.745,7.357,7.73,75346800
2023-12-13,7.71,7.745,7.665,7.701,24367300
2023-12-14,7.701,7.784,7.6,7.614,38814700
2023-12-15,7.615,7.933,7.553,7.898,60861300
2023-12-18,7.921,8.221,7.846,8.096,81173200
2023-12-19,8.103,8.145,7.769,7.956,64120100
2023-12-20,8.035,8.08,7.876,8.0,33874900
2023-12-21,8.01,8.01,7.806,7.839,31580000
2023-12-22,7.807,8.1,7.807,8.076,37163300
2023-12-25,8.076,8.333,8.06,8.306,32259600
2023-12-26,8.296,8.308,8.018,8.07,53749800
2023-12-27,8.07,8.094,8.039,8.06,13016600
2023-12-28,8.04,8.057,7.918,8.017,22090100
2023-12-29,7.98,8.055,7.966,8.055,12720100
2024-01-03,8.035,8.145,7.983,8.092,5627600
2024-01-04,8.1,8.1,7.99,8.022,3387400
2024-01-05,8.027,8.088,7.94,7.975,16127800
2024-01-08,7.977,8.064,7.965,7.989,4739900
2024-01-09,7.925,8.04,7.891,7.926,9559700
2024-01-10,7.926,7.961,7.9,7.906,3944300
2024-01-11,7.934,7.934,7.77,7.787,9890700
2024-01-12,7.787,7.927,7.714,7.794,22899900
2024-01-15,7.833,7.902,7.791,7.88,4523300
2024-01-16,7.88,7.928,7.791,7.842,5824200
2024-01-17,7.92,8.0,7.851,7.99,7217900
2024-01-18,7.975,7.997,7.75,7.789,25504400
2024-01-19,7.789,7.809,7.709,7.711,7854300
2024-01-22,7.78,7.788,7.71,7.763,3177300
2024-01-23,7.743,7.754,7.665,7.679,9686900
2024-01-24,7.685,7.804,7.68,7.786,10317900
2024-01-25,7.8,7.814,7.719,7.776,3753100
2024-01-26,7.8,7.854,7.765,7.778,2657200
2024-01-29,7.778,7.997,7.778,7.901,14342400
2024-01-30,7.949,8.08,7.884,7.968,14743300
2024-01-31,8.048,8.048,7.801,7.836,16078200
2024-02-01,7.867,7.867,7.809,7.836,3947500
2024-02-02,7.848,7.884,7.803,7.83,4470900
2024-02-05,7.83,7.898,7.709,7.813,7020200
2024-02-06,7.813,8.0,7.774,7.966,18684500
2024-02-07,7.933,7.998,7.886,7.98,6414800
2024-02-08,7.988,8.003,7.872,7.933,4822900
2024-02-09,7.923,7.97,7.86,7.861,2307000
2024-02-12,7.858,7.93,7.795,7.902,7723000
2024-02-13,7.95,7.964,7.807,7.83,6403400
2024-02-14,7.82,7.934,7.811,7.896,6653200
2024-02-15,7.851,7.97,7.841,7.92,7150900
2024-02-16,7.95,7.95,7.847,7.851,2993400
2024-02-19,7.851,8.025,7.815,7.944,6598400
2024-02-20,7.94,7.944,7.803,7.82,5695900
2024-02-21,7.745,7.91,7.606,7.857,11932900
2024-02-22,7.845,7.92,7.845,7.884,3031200
2024-02-26,7.93,8.256,7.922,8.188,10067200
2024-02-27,8.188,8.189,8.022,8.131,6153800
2024-02-28,8.128,8.2,8.07,8.12,3806200
2024-02-29,8.199,8.199,8.07,8.127,3964700
2024-03-01,8.144,8.3,8.022,8.047,23415000
2024-03-04,8.098,8.1,7.937,7.952,9114700
2024-03-05,7.919,8.3,7.894,8.008,40543100
2024-03-06,8.008,8.079,7.916,8.005,11098900
2024-03-07,7.971,8.139,7.948,8.02,5589800
2024-03-11,8.045,8.076,7.94,7.95,7225100
2024-03-12,7.942,8.124,7.925,8.061,9248200
2024-03-13,8.032,8.1,7.898,7.942,16654900
2024-03-14,7.96,8.159,7.852,7.862,26426500
2024-03-15,7.85,8.004,7.843,7.917,5606000
2024-03-18,7.91,7.961,7.88,7.911,10821600
2024-03-19,7.883,7.95,7.86,7.897,12645800
2024-03-20,7.899,7.961,7.879,7.939,4003500
2024-03-21,7.951,8.067,7.9,7.937,10315300
2024-03-22,7.961,8.019,7.791,7.815,5014000
2024-03-25,7.82,7.894,7.701,7.814,11183700
2024-03-26,7.849,7.849,7.759,7.788,6718400
2024-03-27,7.81,7.81,7.741,7.751,3893400
2024-03-28,7.751,7.792,7.718,7.726,9228100
2024-03-29,7.726,7.747,7.654,7.681,6739700
2024-04-01,7.693,7.717,7.633,7.655,8032500
2024-04-02,7.68,7.68,7.602,7.631,4516000
2024-04-03,7.631,7.969,7.6,7.91,25682500
2024-04-04,7.909,7.909,7.735,7.741,9167300
2024-04-05,7.75,7.792,7.681,7.696,7997200
2024-04-08,7.696,7.82,7.691,7.784,5272100
2024-04-09,7.84,7.846,7.63,7.664,7727000
2024-04-10,7.66,7.77,7.58,7.75,10656400
2024-04-11,7.731,7.817,7.731,7.789,5394200
2024-04-12,7.822,7.899,7.713,7.784,9153500
2024-04-15,7.784,7.845,7.726,7.781,4989100
2024-04-16,7.781,7.781,7.68,7.71,4600400
2024-04-17,7.705,7.737,7.511,7.571,12901000
2024-04-18,7.57,7.617,7.525,7.57,3200700
2024-04-19,7.599,7.61,7.444,7.467,10766600
2024-04-22,7.491,7.795,7.458,7.658,30215300
2024-04-23,7.636,7.703,7.462,7.495,10358800
2024-04-24,7.52,7.548,7.41,7.54,5718800
2024-04-25,7.55,7.599,7.441,7.548,12264000
2024-04-26,7.475,7.58,7.415,7.438,11000400
2024-04-27,7.438,7.49,7.414,7.429,4407400
2024-04-29,7.444,7.52,7.421,7.478,7080600
2024-04-30,7.469,7.58,7.432,7.454,5156200
2024-05-02,7.454,7.478,7.38,7.42,4915700
2024-05-03,7.443,7.444,7.368,7.409,3886300
2024-05-06,7.409,7.46,7.33,7.35,4094100
2024-05-07,7.389,7.39,7.3,7.327,5429200
2024-05-08,7.365,7.39,7.322,7.346,2956700
2024-05-10,7.346,7.397,7.33,7.36,3003600
2024-05-13,7.368,7.415,7.313,7.382,5329100
2024-05-14,7.399,7.495,7.331,7.472,8485000
2024-05-15,7.497,7.738,7.433,7.71,22491200
2024-05-16,7.72,7.72,7.515,7.639,15936300
2024-05-17,7.64,7.655,7.42,7.451,22373000
2024-05-20,7.423,7.44,7.1,7.147,24728700
2024-05-21,7.147,7.294,7.07,7.201,33486000
2024-05-22,7.276,7.279,7.15,7.222,3408500
2024-05-23,7.276,7.299,7.131,7.228,6007300
2024-05-24,7.228,7.308,7.16,7.18,5436000
